key,plan_id,scenario,side,order_type,signal_time,approval_time,active_from,plan_entry,stop,target,status,busy_until,risk_per_unit,madi_id,entry_time,entry_price,exit_time,exit_price,exit_reason,exit_bar_close_ns,fees,slippage,funding,gross_pnl,net_pnl,r_multiple,size_fraction,cost_multiplier,signal_time_ns,approval_time_ns,active_from_ns,entry_time_ns,exit_time_ns,busy_until_ns,r_account,meta
L1b-DB-P1_all,L1b_202007312115_1hU-202007311600,L1b,1,ioc_cap,2020-07-31T21:15:00Z,2020-07-31T21:16:00Z,2020-07-31T21:26:00Z,11403.1,11234.7,11785.0,filled,2020-08-01T00:30:00Z,166.26799499999913,1hU-202007311600,2020-07-31T21:30:00Z,11387.41,2020-08-01T00:25:00Z,11234.7,stop,1.5962418e+18,11.311055,2.2469400000000004,3.166018297,-152.70999999999913,-169.43401329699913,-1.019041657999184,1.0,1.0,1596230100000000000,1596230160000000000,1596230760000000000,1.596231e+18,1.5962415e+18,1596241800000000000,-1.019041657999184,"{""A"": 10971.78, ""B"": 11450.42, ""H"": 11245.1, ""W"": 478.6399999999994, ""arm_idx"": 5108, ""arm_known_ns"": 1596229200000000000, ""c_idx"": 20436, ""cand_id"": ""L1b_202007312115_1hU-202007311600"", ""d_idx"": 1276, ""d_known_ns"": 1596225600000000000, ""d_pct"": 0.014767913988301394, ""health_vol_mean"": 10756.938, ""k_last"": 5108, ""known_ns"": 1596229200000000000, ""lowest"": 11306.33, ""madi_known_ns"": 1596225600000000000, ""madi_row"": 82, ""net_rr"": 2.054459507344897, ""s_idx"": 5108, ""tb_close_ns"": 1596225600000000000, ""tb_idx"": 5107, ""waist_fallback"": false, ""waist_method"": ""cluster""}"
L1b-DB-P1_all,L1b_202010192200_1hU-202010191600,L1b,1,ioc_cap,2020-10-19T22:00:00Z,2020-10-19T22:01:00Z,2020-10-19T22:11:00Z,11753.3,11632.4,12084.0,filled,2020-10-21T02:55:00Z,109.74674999999978,1hU-202010191600,2020-10-19T22:15:00Z,11728.14,2020-10-21T02:50:00Z,12084.0,target,1.6032489e+18,8.28087,0.0,3.0662255265,355.8600000000006,344.5129044735006,3.1391627038932937,1.0,1.0,1603144800000000000,1603144860000000000,1603145460000000000,1.6031457e+18,1.6032486e+18,1603248900000000000,3.1391627038932937,"{""A"": 11404.01, ""B"": 11830.0, ""H"": 11639.8, ""W"": 425.9899999999998, ""arm_idx"": 7028, ""arm_known_ns"": 1603141200000000000, ""c_idx"": 28119, ""cand_id"": ""L1b_202010192200_1hU-202010191600"", ""d_idx"": 1756, ""d_known_ns"": 1603137600000000000, ""d_pct"": 0.010286472735316859, ""health_vol_mean"": 8317.807799999999, ""k_last"": 7029, ""known_ns"": 1603141200000000000, ""lowest"": 11658.01, ""madi_known_ns"": 1603137600000000000, ""madi_row"": 125, ""net_rr"": 2.3896246001221737, ""s_idx"": 7029, ""tb_close_ns"": 1603137600000000000, ""tb_idx"": 7027, ""waist_fallback"": false, ""waist_method"": ""cluster""}"
L1b-DB-P1_all,L1b_202104020945_1hU-202104020200,L1b,1,ioc_cap,2021-04-02T09:45:00Z,2021-04-02T09:46:00Z,2021-04-02T09:56:00Z,59736.8,58936.8,61645.8,filled,2021-04-02T19:10:00Z,839.5984049999979,1hU-202104020200,2021-04-02T10:00:00Z,59705.29,2021-04-02T19:05:00Z,58936.8,stop,1.6173906e+18,59.321045000000005,11.787360000000001,60.72181958699999,-768.489999999998,-900.320224586998,-1.072322457052548,1.0,1.0,1617356700000000000,1617356760000000000,1617357360000000000,1.6173576e+18,1.6173903e+18,1617390600000000000,-1.072322457052548,"{""A"": 58002.0, ""B"": 60397.85, ""H"": 58987.6, ""W"": 2395.8499999999985, ""arm_idx"": 10974, ""arm_known_ns"": 1617346800000000000, ""c_idx"": 43910, ""cand_id"": ""L1b_202104020945_1hU-202104020200"", ""d_idx"": 2743, ""d_known_ns"": 1617350400000000000, ""d_pct"": 0.013392079923932985, ""health_vol_mean"": 6739.298666666667, ""k_last"": 10976, ""known_ns"": 1617350400000000000, ""lowest"": 59250.0, ""madi_known_ns"": 1617343200000000000, ""madi_row"": 180, ""net_rr"": 2.142980904122783, ""s_idx"": 10976, ""tb_close_ns"": 1617343200000000000, ""tb_idx"": 10973, ""waist_fallback"": false, ""waist_method"": ""cluster""}"
L1b-DB-P1_all,L1b_202108161015_1hU-202108160300,L1b,1,ioc_cap,2021-08-16T10:15:00Z,2021-08-16T10:16:00Z,2021-08-16T10:26:00Z,47445.4,46947.0,49435.1,filled,2021-08-16T13:40:00Z,411.7139999999971,1hU-202108160300,2021-08-16T10:30:00Z,47302.2,2021-08-16T13:35:00Z,46947.0,stop,1.6291212e+18,47.1246,9.3894,0.0,-355.1999999999971,-411.7139999999971,-1.0,1.0,1.0,1629108900000000000,1629108960000000000,1629109560000000000,1.6291098e+18,1.6291209e+18,1629121200000000000,-1.0,"{""A"": 45659.1, ""B"": 48074.23, ""H"": 46992.7, ""W"": 2415.1300000000047, ""arm_idx"": 14239, ""arm_known_ns"": 1629100800000000000, ""c_idx"": 56968, ""cand_id"": ""L1b_202108161015_1hU-202108160300"", ""d_idx"": 3559, ""d_known_ns"": 1629100800000000000, ""d_pct"": 0.010504706462586498, ""health_vol_mean"": 10286.166833333335, ""k_last"": 14241, ""known_ns"": 1629100800000000000, ""lowest"": 47020.0, ""madi_known_ns"": 1629097200000000000, ""madi_row"": 226, ""net_rr"": 3.5245784395126507, ""s_idx"": 14241, ""tb_close_ns"": 1629097200000000000, ""tb_idx"": 14238, ""waist_fallback"": false, ""waist_method"": ""cluster""}"
L1b-DB-P1_all,L1b_202110160515_1hU-202110152000,L1b,1,ioc_cap,2021-10-16T05:15:00Z,2021-10-16T05:16:00Z,2021-10-16T05:26:00Z,62097.0,61064.5,66346.2,not_filled,2021-10-16T05:35:00Z,1106.29365,1hU-202110152000,,,,,,,0.0,0.0,0.0,0.0,0.0,,1.0,1.0,1634361300000000000,1634361360000000000,1634361960000000000,,,1634362500000000000,,"{""A"": 58802.41, ""B"": 63997.61, ""H"": 61499.7, ""W"": 5195.199999999997, ""arm_idx"": 15700, ""arm_known_ns"": 1634360400000000000, ""c_idx"": 62804, ""cand_id"": ""L1b_202110160515_1hU-202110152000"", ""d_idx"": 3924, ""d_known_ns"": 1634356800000000000, ""d_pct"": 0.016627212264682674, ""health_vol_mean"": 11149.792125, ""k_last"": 15700, ""known_ns"": 1634360400000000000, ""lowest"": 61151.0, ""madi_known_ns"": 1634342400000000000, ""madi_row"": 251, ""net_rr"": 3.8008735384136005, ""s_idx"": 15700, ""tb_close_ns"": 1634342400000000000, ""tb_idx"": 15695, ""waist_fallback"": false, ""waist_method"": ""cluster""}"
L1b-DB-P1_all,L1b_202203280515_1hU-202203280000,L1b,1,ioc_cap,2022-03-28T05:15:00Z,2022-03-28T05:16:00Z,2022-03-28T05:26:00Z,47334.9,46498.7,50167.2,filled,2022-03-31T05:35:00Z,776.0583900000015,1hU-202203280000,2022-03-28T05:30:00Z,47218.6,2022-03-31T05:30:00Z,47102.0,time,1.6487049e+18,47.16030000000001,9.4204,42.33398856,-116.59999999999854,-215.51468855999855,-0.27770421831274594,1.0,1.0,1648444500000000000,1648444560000000000,1648445160000000000,1.6484454e+18,1.6487046e+18,1648704900000000000,-0.27770421831274594,"{""A"": 44416.0, ""B"": 47731.2, ""H"": 46552.2, ""W"": 3315.199999999997, ""arm_idx"": 19612, ""arm_known_ns"": 1648443600000000000, ""c_idx"": 78452, ""cand_id"": ""L1b_202203280515_1hU-202203280000"", ""d_idx"": 4902, ""d_known_ns"": 1648440000000000000, ""d_pct"": 0.017665612476206866, ""health_vol_mean"": 7206.66175, ""k_last"": 19612, ""known_ns"": 1648443600000000000, ""lowest"": 46852.0, ""madi_known_ns"": 1648440000000000000, ""madi_row"": 315, ""net_rr"": 3.135978530832678, ""s_idx"": 19612, ""tb_close_ns"": 1648440000000000000, ""tb_idx"": 19611, ""waist_fallback"": false, ""waist_method"": ""cluster""}"
L1b-DB-P1_all,L1b_202211300715_1hU-202211300200,L1b,1,ioc_cap,2022-11-30T07:15:00Z,2022-11-30T07:16:00Z,2022-11-30T07:26:00Z,16891.9,16685.6,17589.6,filled,2022-12-03T07:35:00Z,205.4153700000029,1hU-202211300200,2022-11-30T07:30:00Z,16870.9,2022-12-03T07:30:00Z,16928.9,time,1.6700529e+18,16.899900000000002,3.3857800000000005,5.1044711750000005,58.0,32.609848825,0.15875077325031492,1.0,1.0,1669792500000000000,1669792560000000000,1669793160000000000,1.6697934e+18,1.6700526e+18,1670052900000000000,0.15875077325031492,"{""A"": 16312.6, ""B"": 17082.2, ""H"": 16697.4, ""W"": 769.6000000000004, ""arm_idx"": 25542, ""arm_known_ns"": 1669791600000000000, ""c_idx"": 102172, ""cand_id"": ""L1b_202211300715_1hU-202211300200"", ""d_idx"": 6384, ""d_known_ns"": 1669780800000000000, ""d_pct"": 0.012212954137782185, ""health_vol_mean"": 15390.28675, ""k_last"": 25542, ""known_ns"": 1669791600000000000, ""lowest"": 16820.0, ""madi_known_ns"": 1669788000000000000, ""madi_row"": 421, ""net_rr"": 3.0285237724823064, ""s_idx"": 25542, ""tb_close_ns"": 1669788000000000000, ""tb_idx"": 25541, ""waist_fallback"": true, ""waist_method"": ""cluster""}"
L1b-DB-P1_all,L1b_202302020515_1hU-202302020000,L1b,1,ioc_cap,2023-02-02T05:15:00Z,2023-02-02T05:16:00Z,2023-02-02T05:26:00Z,23948.8,23658.3,25213.5,filled,2023-02-02T15:00:00Z,234.29285999999928,1hU-202302020000,2023-02-02T05:30:00Z,23864.1,2023-02-02T14:55:00Z,23658.3,stop,1.67535e+18,23.761200000000002,4.73166,2.3787000000000003,-205.79999999999927,-236.6715599999993,-1.0101526781481946,1.0,1.0,1675314900000000000,1675314960000000000,1675315560000000000,1.6753158e+18,1.6753497e+18,1675350000000000000,-1.0101526781481946,"{""A"": 22911.3, ""B"": 24281.4, ""H"": 23683.2, ""W"": 1370.1000000000022, ""arm_idx"": 27076, ""arm_known_ns"": 1675314000000000000, ""c_idx"": 108308, ""cand_id"": ""L1b_202302020515_1hU-202302020000"", ""d_idx"": 6768, ""d_known_ns"": 1675310400000000000, ""d_pct"": 0.012130044094067344, ""health_vol_mean"": 17618.6335, ""k_last"": 27076, ""known_ns"": 1675314000000000000, ""lowest"": 23843.4, ""madi_known_ns"": 1675310400000000000, ""madi_row"": 450, ""net_rr"": 3.91080000229442, ""s_idx"": 27076, ""tb_close_ns"": 1675310400000000000, ""tb_idx"": 27075, ""waist_fallback"": false, ""waist_method"": ""cluster""}"
L1b-DB-P1_all,L1b_202307140215_1hU-202307131900,L1b,1,ioc_cap,2023-07-14T02:15:00Z,2023-07-14T02:16:00Z,2023-07-14T02:26:00Z,31468.0,31029.4,32905.6,filled,2023-07-14T17:20:00Z,382.8079799999978,1hU-202307131900,2023-07-14T02:30:00Z,31374.8,2023-07-14T17:15:00Z,31029.4,stop,1.6893552e+18,31.2021,6.2058800000000005,6.23325,-345.3999999999978,-389.04122999999777,-1.0162829677688536,1.0,1.0,1689300900000000000,1689300960000000000,1689301560000000000,1.6893018e+18,1.6893549e+18,1689355200000000000,-1.0162829677688536,"{""A"": 30233.0, ""B"": 31850.0, ""H"": 31060.7, ""W"": 1617.0, ""arm_idx"": 30959, ""arm_known_ns"": 1689292800000000000, ""c_idx"": 123848, ""cand_id"": ""L1b_202307140215_1hU-202307131900"", ""d_idx"": 7739, ""d_known_ns"": 1689292800000000000, ""d_pct"": 0.013937968730138507, ""health_vol_mean"": 24990.389, ""k_last"": 30961, ""known_ns"": 1689292800000000000, ""lowest"": 31288.6, ""madi_known_ns"": 1689289200000000000, ""madi_row"": 525, ""net_rr"": 2.9729466734675736, ""s_idx"": 30961, ""tb_close_ns"": 1689289200000000000, ""tb_idx"": 30958, ""waist_fallback"": false, ""waist_method"": ""cluster""}"
L1b-DB-P1_all,L1b_202311290045_1hU-202311281900,L1b,1,ioc_cap,2023-11-29T00:45:00Z,2023-11-29T00:46:00Z,2023-11-29T00:56:00Z,37915.9,37461.0,39194.2,filled,2023-11-30T14:04:00Z,463.4623500000029,1hU-202311281900,2023-11-29T00:56:00Z,37879.3,2023-11-30T14:03:00Z,37461.0,stop,1.70135304e+18,37.67015,7.4922,15.15336,-418.3000000000029,-478.61571000000293,-1.0326959892211307,1.0,1.0,1701218700000000000,1701218760000000000,1701219360000000000,1.70121936e+18,1.70135298e+18,1701353040000000000,-1.0326959892211307,"{""A"": 36856.0, ""B"": 38395.0, ""H"": 37488.1, ""W"": 1539.0, ""arm_idx"": 34271, ""arm_known_ns"": 1701216000000000000, ""c_idx"": 137090, ""cand_id"": ""L1b_202311290045_1hU-202311281900"", ""d_idx"": 8567, ""d_known_ns"": 1701216000000000000, ""d_pct"": 0.011997605226303516, ""health_vol_mean"": 10968.20625, ""k_last"": 34271, ""known_ns"": 1701216000000000000, ""lowest"": 37655.2, ""madi_known_ns"": 1701212400000000000, ""madi_row"": 588, ""net_rr"": 2.5026027501763806, ""s_idx"": 34271, ""tb_close_ns"": 1701212400000000000, ""tb_idx"": 34270, ""waist_fallback"": false, ""waist_method"": ""cluster""}"
L1b-DB-P1_all,L1b_202312081945_1hU-202312081400,L1b,1,ioc_cap,2023-12-08T19:45:00Z,2023-12-08T19:46:00Z,2023-12-08T19:56:00Z,43976.9,43569.9,44735.2,filled,2023-12-08T21:25:00Z,434.6749799999971,1hU-202312081400,2023-12-08T19:56:00Z,43952.1,2023-12-08T21:24:00Z,44735.2,target,1.7020707e+18,30.923090000000002,0.0,0.0,783.0999999999985,752.1769099999985,1.730435255325723,1.0,1.0,1702064700000000000,1702064760000000000,1702065360000000000,1.70206536e+18,1.70207064e+18,1702070700000000000,1.730435255325723,"{""A"": 43100.0, ""B"": 44081.6, ""H"": 43595.6, ""W"": 981.5999999999985, ""arm_idx"": 34506, ""arm_known_ns"": 1702062000000000000, ""c_idx"": 138030, ""cand_id"": ""L1b_202312081945_1hU-202312081400"", ""d_idx"": 8625, ""d_known_ns"": 1702051200000000000, ""d_pct"": 0.009254858800870456, ""health_vol_mean"": 12166.150749999999, ""k_last"": 34506, ""known_ns"": 1702062000000000000, ""lowest"": 43753.6, ""madi_known_ns"": 1702058400000000000, ""madi_row"": 590, ""net_rr"": 1.5829912673553634, ""s_idx"": 34506, ""tb_close_ns"": 1702058400000000000, ""tb_idx"": 34505, ""waist_fallback"": false, ""waist_method"": ""cluster""}"
L1b-DB-P1_all,L1b_202312090215_1hU-202312082100,L1b,1,ioc_cap,2023-12-09T02:15:00Z,2023-12-09T02:16:00Z,2023-12-09T02:26:00Z,44230.2,43766.7,45750.5,filled,2023-12-09T08:45:00Z,441.61449000000147,1hU-202312082100,2023-12-09T02:26:00Z,44155.6,2023-12-09T08:44:00Z,43766.7,stop,1.7021115e+18,43.96115,8.75334,13.336520913,-388.90000000000146,-454.9510109130014,-1.0301994640461185,1.0,1.0,1702088100000000000,1702088160000000000,1702088760000000000,1.70208876e+18,1.70211144e+18,1702111500000000000,-1.0301994640461185,"{""A"": 43100.0, ""B"": 44779.3, ""H"": 43797.0, ""W"": 1679.300000000003, ""arm_idx"": 34513, ""arm_known_ns"": 1702087200000000000, ""c_idx"": 138056, ""cand_id"": ""L1b_202312090215_1hU-202312082100"", ""d_idx"": 8627, ""d_known_ns"": 1702080000000000000, ""d_pct"": 0.010479265298370797, ""health_vol_mean"": 9056.09175, ""k_last"": 34513, ""known_ns"": 1702087200000000000, ""lowest"": 44071.2, ""madi_known_ns"": 1702083600000000000, ""madi_row"": 591, ""net_rr"": 2.884318909577055, ""s_idx"": 34513, ""tb_close_ns"": 1702083600000000000, ""tb_idx"": 34512, ""waist_fallback"": false, ""waist_method"": ""cluster""}"
L1b-DB-P1_all,L1b_202402141945_1hU-202402141400,L1b,1,ioc_cap,2024-02-14T19:45:00Z,2024-02-14T19:46:00Z,2024-02-14T19:56:00Z,51620.9,50750.7,54104.3,not_filled,2024-02-14T19:57:00Z,931.5359400000044,1hU-202402141400,,,,,,,0.0,0.0,0.0,0.0,0.0,,1.0,1.0,1707939900000000000,1707939960000000000,1707940560000000000,,,1707940620000000000,,"{""A"": 49215.7, ""B"": 52100.0, ""H"": 50802.8, ""W"": 2884.300000000003, ""arm_idx"": 36138, ""arm_known_ns"": 1707937200000000000, ""c_idx"": 144558, ""cand_id"": ""L1b_202402141945_1hU-202402141400"", ""d_idx"": 9033, ""d_known_ns"": 1707926400000000000, ""d_pct"": 0.016857513139058103, ""health_vol_mean"": 20799.475749999998, ""k_last"": 36138, ""known_ns"": 1707937200000000000, ""lowest"": 51220.0, ""madi_known_ns"": 1707933600000000000, ""madi_row"": 619, ""net_rr"": 2.626596124675544, ""s_idx"": 36138, ""tb_close_ns"": 1707933600000000000, ""tb_idx"": 36137, ""waist_fallback"": false, ""waist_method"": ""cluster""}"
