key,n,plan_id,scenario,side,order_type,signal_time,approval_time,active_from,plan_entry,stop,target,status,busy_until,risk_per_unit,madi_id,entry_time,entry_price,exit_time,exit_price,exit_reason,exit_bar_close_ns,fees,slippage,funding,gross_pnl,net_pnl,r_multiple,size_fraction,cost_multiplier,signal_time_ns,approval_time_ns,active_from_ns,entry_time_ns,exit_time_ns,busy_until_ns,r_account,meta
E1-L-ENS,20,E1-L-ENS_N20_2020-01-29_L,N20,1,limit,2020-01-29T00:00:00Z,2020-01-29T00:01:00Z,2020-01-29T00:31:00Z,8925.0,8201.2,inf,expired,2020-02-03T00:00:00Z,731.3258399999993,,,,,,,,0.0,0.0,0.0,0.0,0.0,,1.0,1.0,1580256000000000000,1580256060000000000,1580257860000000000,,,1580688000000000000,,"{""atr20"": 361.9040000000001, ""entry_mode"": ""E1"", ""exit_signal_time"": ""2020-02-18T00:01:00Z"", ""level"": 8925.0, ""m"": 10, ""n"": 20, ""valid_until"": ""2020-02-03T00:00:00Z""}"
E1-L-ENS,20,E1-L-ENS_N20_2020-02-06_L,N20,1,limit,2020-02-06T00:00:00Z,2020-02-06T00:01:00Z,2020-02-06T00:31:00Z,9525.7,8864.5,inf,expired,2020-02-11T00:00:00Z,669.3102900000007,,,,,,,,0.0,0.0,0.0,0.0,0.0,,1.0,1.0,1580947200000000000,1580947260000000000,1580949060000000000,,,1581379200000000000,,"{""atr20"": 330.62, ""entry_mode"": ""E1"", ""exit_signal_time"": ""2020-02-18T00:01:00Z"", ""level"": 9525.67, ""m"": 10, ""n"": 20, ""valid_until"": ""2020-02-11T00:00:00Z""}"
E1-L-ENS,20,E1-L-ENS_N20_2020-02-12_L,N20,1,limit,2020-02-12T00:00:00Z,2020-02-12T00:01:00Z,2020-02-12T00:31:00Z,10167.4,9505.4,inf,filled,2020-02-17T14:15:00Z,670.68726,,2020-02-13T08:10:00Z,10167.4,2020-02-17T14:10:00Z,9505.4,stop,1.5819489e+18,6.78618,1.90108,76.76225430180001,-662.0,-747.4495143017999,-1.1144531272322065,1.0,1.0,1581465600000000000,1581465660000000000,1581467460000000000,1.5815814e+18,1.5819486e+18,1581948900000000000,-1.1144531272322065,"{""atr20"": 330.9990000000001, ""entry_mode"": ""E1"", ""exit_signal_time"": ""2020-02-18T00:01:00Z"", ""level"": 10167.38, ""m"": 10, ""n"": 20, ""valid_until"": ""2020-02-17T00:00:00Z""}"
E1-L-ENS,20,E1-L-ENS_N20_2020-04-03_L,N20,1,limit,2020-04-03T00:00:00Z,2020-04-03T00:01:00Z,2020-04-03T00:31:00Z,6741.3,5279.6,inf,filled,2020-04-16T00:40:00Z,1466.7439799999997,,2020-04-03T00:45:00Z,6741.3,2020-04-16T00:35:00Z,6531.95,trend,1.5869976e+18,4.614235,1.30639,1.550863991900001,-209.35000000000036,-216.82148899190037,-0.1478250410081113,1.0,1.0,1585872000000000000,1585872060000000000,1585873860000000000,1.5858747e+18,1.5869973e+18,1586997600000000000,-0.1478250410081113,"{""atr20"": 730.8664999999999, ""entry_mode"": ""E1"", ""exit_signal_time"": ""2020-04-16T00:01:00Z"", ""level"": 6741.33, ""m"": 10, ""n"": 20, ""valid_until"": ""2020-04-08T00:00:00Z""}"
E1-L-ENS,20,E1-L-ENS_N20_2020-04-24_L,N20,1,limit,2020-04-24T00:00:00Z,2020-04-24T00:01:00Z,2020-04-24T00:31:00Z,7357.7,6659.0,inf,expired,2020-04-29T00:00:00Z,704.8328399999998,,,,,,,,0.0,0.0,0.0,0.0,0.0,,1.0,1.0,1587686400000000000,1587686460000000000,1587688260000000000,,,1588118400000000000,,"{""atr20"": 349.37449999999995, ""entry_mode"": ""E1"", ""exit_signal_time"": ""2020-05-12T00:01:00Z"", ""level"": 7357.66, ""m"": 10, ""n"": 20, ""valid_until"": ""2020-04-29T00:00:00Z""}"
E1-L-ENS,20,E1-L-ENS_N20_2020-04-30_L,N20,1,limit,2020-04-30T00:00:00Z,2020-04-30T00:01:00Z,2020-04-30T00:31:00Z,7774.0,7126.8,inf,expired,2020-05-05T00:00:00Z,653.7435599999998,,,,,,,,0.0,0.0,0.0,0.0,0.0,,1.0,1.0,1588204800000000000,1588204860000000000,1588206660000000000,,,1588636800000000000,,"{""atr20"": 323.6075000000001, ""entry_mode"": ""E1"", ""exit_signal_time"": ""2020-05-12T00:01:00Z"", ""level"": 7774.0, ""m"": 10, ""n"": 20, ""valid_until"": ""2020-05-05T00:00:00Z""}"
E1-L-ENS,55,E1-L-ENS_N55_2020-05-03_L,N55,1,limit,2020-05-03T00:00:00Z,2020-05-03T00:01:00Z,2020-05-03T00:31:00Z,8830.5,8002.5,inf,filled,2020-05-10T00:25:00Z,835.36785,,2020-05-03T13:15:00Z,8830.5,2020-05-10T00:20:00Z,8002.5,stop,1.5890703e+18,5.7673499999999995,1.6005,46.080345274699994,-828.0,-881.4481952747,-1.0551617413510708,1.0,1.0,1588464000000000000,1588464060000000000,1588465860000000000,1.5885117e+18,1.58907e+18,1589070300000000000,-1.0551617413510708,"{""atr20"": 414.00200000000007, ""entry_mode"": ""E1"", ""exit_signal_time"": ""2020-06-26T00:01:00Z"", ""level"": 8830.52, ""m"": 28, ""n"": 55, ""valid_until"": ""2020-05-08T00:00:00Z""}"
E1-L-ENS,20,E1-L-ENS_N20_2020-05-06_L,N20,1,limit,2020-05-06T00:00:00Z,2020-05-06T00:01:00Z,2020-05-06T00:31:00Z,8975.2,8127.1,inf,filled,2020-05-10T00:25:00Z,855.5840100000004,,2020-05-06T00:35:00Z,8975.2,2020-05-10T00:20:00Z,8127.1,stop,1.5890703e+18,5.85859,1.62542,38.35557124459999,-848.1000000000004,-893.9395812446004,-1.0448296962031818,1.0,1.0,1588723200000000000,1588723260000000000,1588725060000000000,1.5887253e+18,1.58907e+18,1589070300000000000,-1.0448296962031818,"{""atr20"": 424.04100000000017, ""entry_mode"": ""E1"", ""exit_signal_time"": ""2020-05-12T00:01:00Z"", ""level"": 8975.18, ""m"": 10, ""n"": 20, ""valid_until"": ""2020-05-11T00:00:00Z""}"
E1-L-ENS,20,E1-L-ENS_N20_2020-06-02_L,N20,1,limit,2020-06-02T00:00:00Z,2020-06-02T00:01:00Z,2020-06-02T00:31:00Z,9786.8,8833.7,inf,filled,2020-06-12T00:40:00Z,961.2409499999985,,2020-06-02T14:45:00Z,9786.8,2020-06-12T00:35:00Z,9325.66,trend,1.5919224e+18,6.620189999999999,1.865132,27.89696384,-461.1399999999994,-497.5222858399994,-0.517583323764973,1.0,1.0,1591056000000000000,1591056060000000000,1591057860000000000,1.5911091e+18,1.5919221e+18,1591922400000000000,-0.517583323764973,"{""atr20"": 476.5449999999999, ""entry_mode"": ""E1"", ""exit_signal_time"": ""2020-06-12T00:01:00Z"", ""level"": 9786.8, ""m"": 10, ""n"": 20, ""valid_until"": ""2020-06-07T00:00:00Z""}"
E1-L-ENS,55,E1-L-ENS_N55_2020-06-02_L,N55,1,limit,2020-06-02T00:00:00Z,2020-06-02T00:01:00Z,2020-06-02T00:31:00Z,9995.0,9041.9,inf,filled,2020-06-15T05:50:00Z,961.4283300000004,,2020-06-02T14:45:00Z,9995.0,2020-06-15T05:45:00Z,9041.9,stop,1.5922002e+18,6.51995,1.80838,33.3811009375,-953.1000000000004,-994.8094309375005,-1.034720321729546,1.0,1.0,1591056000000000000,1591056060000000000,1591057860000000000,1.5911091e+18,1.5921999e+18,1592200200000000000,-1.034720321729546,"{""atr20"": 476.5449999999999, ""entry_mode"": ""E1"", ""exit_signal_time"": ""2020-06-26T00:01:00Z"", ""level"": 9995.0, ""m"": 28, ""n"": 55, ""valid_until"": ""2020-06-07T00:00:00Z""}"
E1-L-ENS,100,E1-L-ENS_N100_2020-06-02_L,N100,1,limit,2020-06-02T00:00:00Z,2020-06-02T00:01:00Z,2020-06-02T00:31:00Z,9995.0,9041.9,inf,filled,2020-06-15T05:50:00Z,961.4283300000004,,2020-06-02T14:45:00Z,9995.0,2020-06-15T05:45:00Z,9041.9,stop,1.5922002e+18,6.51995,1.80838,33.3811009375,-953.1000000000004,-994.8094309375005,-1.034720321729546,1.0,1.0,1591056000000000000,1591056060000000000,1591057860000000000,1.5911091e+18,1.5921999e+18,1592200200000000000,-1.034720321729546,"{""atr20"": 476.5449999999999, ""entry_mode"": ""E1"", ""exit_signal_time"": ""2021-05-16T00:01:00Z"", ""level"": 9995.0, ""m"": 50, ""n"": 100, ""valid_until"": ""2020-06-07T00:00:00Z""}"
E1-L-ENS,20,E1-L-ENS_N20_2020-07-23_L,N20,1,limit,2020-07-23T00:00:00Z,2020-07-23T00:01:00Z,2020-07-23T00:31:00Z,9436.1,9072.3,inf,expired,2020-07-28T00:00:00Z,372.03783000000107,,,,,,,,0.0,0.0,0.0,0.0,0.0,,1.0,1.0,1595462400000000000,1595462460000000000,1595464260000000000,,,1595894400000000000,,"{""atr20"": 181.9205, ""entry_mode"": ""E1"", ""exit_signal_time"": ""2020-08-26T00:01:00Z"", ""level"": 9436.08, ""m"": 10, ""n"": 20, ""valid_until"": ""2020-07-28T00:00:00Z""}"
E1-L-ENS,20,E1-L-ENS_N20_2020-07-28_L,N20,1,limit,2020-07-28T00:00:00Z,2020-07-28T00:01:00Z,2020-07-28T00:31:00Z,9939.7,9534.9,inf,expired,2020-08-02T00:00:00Z,413.4623700000011,,,,,,,,0.0,0.0,0.0,0.0,0.0,,1.0,1.0,1595894400000000000,1595894460000000000,1595896260000000000,,,1596326400000000000,,"{""atr20"": 202.37999999999994, ""entry_mode"": ""E1"", ""exit_signal_time"": ""2020-08-26T00:01:00Z"", ""level"": 9939.69, ""m"": 10, ""n"": 20, ""valid_until"": ""2020-08-02T00:00:00Z""}"
E1-L-ENS,55,E1-L-ENS_N55_2020-07-28_L,N55,1,limit,2020-07-28T00:00:00Z,2020-07-28T00:01:00Z,2020-07-28T00:31:00Z,9939.7,9534.9,inf,expired,2020-08-02T00:00:00Z,413.4623700000011,,,,,,,,0.0,0.0,0.0,0.0,0.0,,1.0,1.0,1595894400000000000,1595894460000000000,1595896260000000000,,,1596326400000000000,,"{""atr20"": 202.37999999999994, ""entry_mode"": ""E1"", ""exit_signal_time"": ""2020-09-04T00:01:00Z"", ""level"": 9939.69, ""m"": 28, ""n"": 55, ""valid_until"": ""2020-08-02T00:00:00Z""}"
E1-L-ENS,100,E1-L-ENS_N100_2020-07-28_L,N100,1,limit,2020-07-28T00:00:00Z,2020-07-28T00:01:00Z,2020-07-28T00:31:00Z,10232.5,9827.7,inf,expired,2020-08-02T00:00:00Z,413.72588999999925,,,,,,,,0.0,0.0,0.0,0.0,0.0,,1.0,1.0,1595894400000000000,1595894460000000000,1595896260000000000,,,1596326400000000000,,"{""atr20"": 202.37999999999994, ""entry_mode"": ""E1"", ""exit_signal_time"": ""2021-05-16T00:01:00Z"", ""level"": 10232.48, ""m"": 50, ""n"": 100, ""valid_until"": ""2020-08-02T00:00:00Z""}"
E1-L-ENS,20,E1-L-ENS_N20_2020-08-02_L,N20,1,limit,2020-08-02T00:00:00Z,2020-08-02T00:01:00Z,2020-08-02T00:31:00Z,11343.7,10678.2,inf,filled,2020-08-02T04:45:00Z,675.24348,,2020-08-02T04:35:00Z,11343.7,2020-08-02T04:40:00Z,10678.2,stop,1.5963435e+18,7.60784,2.1356400000000004,0.0,-665.5,-675.24348,-1.0,1.0,1.0,1596326400000000000,1596326460000000000,1596328260000000000,1.5963429e+18,1.5963432e+18,1596343500000000000,-1.0,"{""atr20"": 332.73149999999987, ""entry_mode"": ""E1"", ""exit_signal_time"": ""2020-08-26T00:01:00Z"", ""level"": 11343.68, ""m"": 10, ""n"": 20, ""valid_until"": ""2020-08-07T00:00:00Z""}"
E1-L-ENS,55,E1-L-ENS_N55_2020-08-02_L,N55,1,limit,2020-08-02T00:00:00Z,2020-08-02T00:01:00Z,2020-08-02T00:31:00Z,11343.7,10678.2,inf,filled,2020-08-02T04:45:00Z,675.24348,,2020-08-02T04:35:00Z,11343.7,2020-08-02T04:40:00Z,10678.2,stop,1.5963435e+18,7.60784,2.1356400000000004,0.0,-665.5,-675.24348,-1.0,1.0,1.0,1596326400000000000,1596326460000000000,1596328260000000000,1.5963429e+18,1.5963432e+18,1596343500000000000,-1.0,"{""atr20"": 332.73149999999987, ""entry_mode"": ""E1"", ""exit_signal_time"": ""2020-09-04T00:01:00Z"", ""level"": 11343.68, ""m"": 28, ""n"": 55, ""valid_until"": ""2020-08-07T00:00:00Z""}"
E1-L-ENS,100,E1-L-ENS_N100_2020-08-02_L,N100,1,limit,2020-08-02T00:00:00Z,2020-08-02T00:01:00Z,2020-08-02T00:31:00Z,11343.7,10678.2,inf,filled,2020-08-02T04:45:00Z,675.24348,,2020-08-02T04:35:00Z,11343.7,2020-08-02T04:40:00Z,10678.2,stop,1.5963435e+18,7.60784,2.1356400000000004,0.0,-665.5,-675.24348,-1.0,1.0,1.0,1596326400000000000,1596326460000000000,1596328260000000000,1.5963429e+18,1.5963432e+18,1596343500000000000,-1.0,"{""atr20"": 332.73149999999987, ""entry_mode"": ""E1"", ""exit_signal_time"": ""2021-05-16T00:01:00Z"", ""level"": 11343.68, ""m"": 50, ""n"": 100, ""valid_until"": ""2020-08-07T00:00:00Z""}"
E1-L-ENS,20,E1-L-ENS_N20_2020-08-11_L,N20,1,limit,2020-08-11T00:00:00Z,2020-08-11T00:01:00Z,2020-08-11T00:31:00Z,11811.4,10712.3,inf,filled,2020-08-26T00:40:00Z,1108.9608900000003,,2020-08-11T04:35:00Z,11811.4,2020-08-26T00:35:00Z,11286.49,trend,1.5984024e+18,8.005525,2.257298,150.0654127011,-524.9099999999999,-685.2382357010999,-0.617910191315313,1.0,1.0,1597104000000000000,1597104060000000000,1597105860000000000,1.5971205e+18,1.5984021e+18,1598402400000000000,-0.617910191315313,"{""atr20"": 549.5424999999998, ""entry_mode"": ""E1"", ""exit_signal_time"": ""2020-08-26T00:01:00Z"", ""level"": 11811.42, ""m"": 10, ""n"": 20, ""valid_until"": ""2020-08-16T00:00:00Z""}"
E1-L-ENS,55,E1-L-ENS_N55_2020-08-11_L,N55,1,limit,2020-08-11T00:00:00Z,2020-08-11T00:01:00Z,2020-08-11T00:31:00Z,11811.4,10712.3,inf,filled,2020-09-03T12:30:00Z,1108.9608900000003,,2020-08-11T04:35:00Z,11811.4,2020-09-03T12:25:00Z,10712.3,stop,1.5991362e+18,7.71843,2.14246,197.68020837960006,-1099.1000000000004,-1306.6410983796004,-1.1782571506012265,1.0,1.0,1597104000000000000,1597104060000000000,1597105860000000000,1.5971205e+18,1.5991359e+18,1599136200000000000,-1.1782571506012265,"{""atr20"": 549.5424999999998, ""entry_mode"": ""E1"", ""exit_signal_time"": ""2020-09-04T00:01:00Z"", ""level"": 11811.42, ""m"": 28, ""n"": 55, ""valid_until"": ""2020-08-16T00:00:00Z""}"
E1-L-ENS,100,E1-L-ENS_N100_2020-08-11_L,N100,1,limit,2020-08-11T00:00:00Z,2020-08-11T00:01:00Z,2020-08-11T00:31:00Z,11811.4,10712.3,inf,filled,2020-09-03T12:30:00Z,1108.9608900000003,,2020-08-11T04:35:00Z,11811.4,2020-09-03T12:25:00Z,10712.3,stop,1.5991362e+18,7.71843,2.14246,197.68020837960006,-1099.1000000000004,-1306.6410983796004,-1.1782571506012265,1.0,1.0,1597104000000000000,1597104060000000000,1597105860000000000,1.5971205e+18,1.5991359e+18,1599136200000000000,-1.1782571506012265,"{""atr20"": 549.5424999999998, ""entry_mode"": ""E1"", ""exit_signal_time"": ""2021-05-16T00:01:00Z"", ""level"": 11811.42, ""m"": 50, ""n"": 100, ""valid_until"": ""2020-08-16T00:00:00Z""}"
E1-L-ENS,20,E1-L-ENS_N20_2020-10-11_L,N20,1,limit,2020-10-11T00:00:00Z,2020-10-11T00:01:00Z,2020-10-11T00:31:00Z,11050.5,10441.0,inf,expired,2020-10-16T00:00:00Z,619.0188,,,,,,,,0.0,0.0,0.0,0.0,0.0,,1.0,1.0,1602374400000000000,1602374460000000000,1602376260000000000,,,1602806400000000000,,"{""atr20"": 304.764, ""entry_mode"": ""E1"", ""exit_signal_time"": ""2020-11-28T00:01:00Z"", ""level"": 11050.47, ""m"": 10, ""n"": 20, ""valid_until"": ""2020-10-16T00:00:00Z""}"
E1-L-ENS,20,E1-L-ENS_N20_2020-10-20_L,N20,1,limit,2020-10-20T00:00:00Z,2020-10-20T00:01:00Z,2020-10-20T00:31:00Z,11530.4,10964.9,inf,expired,2020-10-25T00:00:00Z,575.48151,,,,,,,,0.0,0.0,0.0,0.0,0.0,,1.0,1.0,1603152000000000000,1603152060000000000,1603153860000000000,,,1603584000000000000,,"{""atr20"": 282.7489999999999, ""entry_mode"": ""E1"", ""exit_signal_time"": ""2020-11-28T00:01:00Z"", ""level"": 11530.36, ""m"": 10, ""n"": 20, ""valid_until"": ""2020-10-25T00:00:00Z""}"
E1-L-ENS,55,E1-L-ENS_N55_2020-10-22_L,N55,1,limit,2020-10-22T00:00:00Z,2020-10-22T00:01:00Z,2020-10-22T00:31:00Z,11930.2,11326.7,inf,expired,2020-10-27T00:00:00Z,613.81473,,,,,,,,0.0,0.0,0.0,0.0,0.0,,1.0,1.0,1603324800000000000,1603324860000000000,1603326660000000000,,,1603756800000000000,,"{""atr20"": 301.76799999999986, ""entry_mode"": ""E1"", ""exit_signal_time"": ""2021-04-24T00:01:00Z"", ""level"": 11930.18, ""m"": 28, ""n"": 55, ""valid_until"": ""2020-10-27T00:00:00Z""}"
E1-L-ENS,100,E1-L-ENS_N100_2020-10-22_L,N100,1,limit,2020-10-22T00:00:00Z,2020-10-22T00:01:00Z,2020-10-22T00:31:00Z,12298.1,11694.6,inf,expired,2020-10-27T00:00:00Z,614.14584,,,,,,,,0.0,0.0,0.0,0.0,0.0,,1.0,1.0,1603324800000000000,1603324860000000000,1603326660000000000,,,1603756800000000000,,"{""atr20"": 301.76799999999986, ""entry_mode"": ""E1"", ""exit_signal_time"": ""2021-05-16T00:01:00Z"", ""level"": 12298.06, ""m"": 50, ""n"": 100, ""valid_until"": ""2020-10-27T00:00:00Z""}"
E1-L-ENS,20,E1-L-ENS_N20_2020-10-25_L,N20,1,limit,2020-10-25T00:00:00Z,2020-10-25T00:01:00Z,2020-10-25T00:31:00Z,12968.9,12234.6,inf,filled,2020-11-28T00:40:00Z,745.4579999999993,,2020-10-25T05:45:00Z,12968.9,2020-11-28T00:35:00Z,17050.0,trend,1.606524e+18,11.118780000000001,3.41,327.98978075269997,4081.1000000000004,3738.5814392473008,5.01514698245549,1.0,1.0,1603584000000000000,1603584060000000000,1603585860000000000,1.6036047e+18,1.6065237e+18,1606524000000000000,5.01514698245549,"{""atr20"": 367.1544999999999, ""entry_mode"": ""E1"", ""exit_signal_time"": ""2020-11-28T00:01:00Z"", ""level"": 12968.87, ""m"": 10, ""n"": 20, ""valid_until"": ""2020-10-30T00:00:00Z""}"
E1-L-ENS,55,E1-L-ENS_N55_2020-10-28_L,N55,1,limit,2020-10-28T00:00:00Z,2020-10-28T00:01:00Z,2020-10-28T00:31:00Z,13110.9,12293.9,inf,filled,2021-04-24T00:40:00Z,828.22791,,2020-10-28T13:55:00Z,13110.9,2021-04-24T00:35:00Z,50289.78,trend,1.6192248e+18,27.76707,10.057956,10687.1683190233,37178.88,26453.886654976697,31.94034677601809,1.0,1.0,1603843200000000000,1603843260000000000,1603845060000000000,1.6038933e+18,1.6192245e+18,1619224800000000000,31.94034677601809,"{""atr20"": 408.5084999999999, ""entry_mode"": ""E1"", ""exit_signal_time"": ""2021-04-24T00:01:00Z"", ""level"": 13110.88, ""m"": 28, ""n"": 55, ""valid_until"": ""2020-11-02T00:00:00Z""}"
E1-L-ENS,100,E1-L-ENS_N100_2020-10-28_L,N100,1,limit,2020-10-28T00:00:00Z,2020-10-28T00:01:00Z,2020-10-28T00:31:00Z,13110.9,12293.9,inf,filled,2021-05-16T00:40:00Z,828.22791,,2020-10-28T13:55:00Z,13110.9,2021-05-16T00:35:00Z,47161.89,trend,1.6211256e+18,26.203125,9.432378,11852.1528501684,34050.99,22163.2016468316,26.759786019323595,1.0,1.0,1603843200000000000,1603843260000000000,1603845060000000000,1.6038933e+18,1.6211253e+18,1621125600000000000,26.759786019323595,"{""atr20"": 408.5084999999999, ""entry_mode"": ""E1"", ""exit_signal_time"": ""2021-05-16T00:01:00Z"", ""level"": 13110.88, ""m"": 50, ""n"": 100, ""valid_until"": ""2020-11-02T00:00:00Z""}"
E1-L-ENS,20,E1-L-ENS_N20_2020-12-01_L,N20,1,limit,2020-12-01T00:00:00Z,2020-12-01T00:01:00Z,2020-12-01T00:31:00Z,19179.6,17190.0,inf,filled,2020-12-11T00:40:00Z,2005.4689199999984,,2020-12-01T11:25:00Z,19179.6,2020-12-11T00:35:00Z,18127.09,trend,1.6076472e+18,12.899465,3.6254180000000003,58.73610140030001,-1052.5099999999984,-1127.7709844002984,-0.5623477747041322,1.0,1.0,1606780800000000000,1606780860000000000,1606782660000000000,1.6068219e+18,1.6076469e+18,1607647200000000000,-0.5623477747041322,"{""atr20"": 994.8134999999999, ""entry_mode"": ""E1"", ""exit_signal_time"": ""2020-12-11T00:01:00Z"", ""level"": 19179.64, ""m"": 10, ""n"": 20, ""valid_until"": ""2020-12-06T00:00:00Z""}"
E1-L-ENS,20,E1-L-ENS_N20_2020-12-17_L,N20,1,limit,2020-12-17T00:00:00Z,2020-12-17T00:01:00Z,2020-12-17T00:31:00Z,19720.0,17719.4,inf,expired,2020-12-22T00:00:00Z,2016.9475799999987,,,,,,,,0.0,0.0,0.0,0.0,0.0,,1.0,1.0,1608163200000000000,1608163260000000000,1608165060000000000,,,1608595200000000000,,"{""atr20"": 1000.3129999999998, ""entry_mode"": ""E1"", ""exit_signal_time"": ""2021-01-22T00:01:00Z"", ""level"": 19720.0, ""m"": 10, ""n"": 20, ""valid_until"": ""2020-12-22T00:00:00Z""}"
E1-L-ENS,20,E1-L-ENS_N20_2020-12-26_L,N20,1,limit,2020-12-26T00:00:00Z,2020-12-26T00:01:00Z,2020-12-26T00:31:00Z,23847.3,21526.5,inf,expired,2020-12-31T00:00:00Z,2340.638009999999,,,,,,,,0.0,0.0,0.0,0.0,0.0,,1.0,1.0,1608940800000000000,1608940860000000000,1608942660000000000,,,1609372800000000000,,"{""atr20"": 1160.3865, ""entry_mode"": ""E1"", ""exit_signal_time"": ""2021-01-22T00:01:00Z"", ""level"": 23847.28, ""m"": 10, ""n"": 20, ""valid_until"": ""2020-12-31T00:00:00Z""}"
E1-L-ENS,20,E1-L-ENS_N20_2020-12-31_L,N20,1,limit,2020-12-31T00:00:00Z,2020-12-31T00:01:00Z,2020-12-31T00:31:00Z,27402.8,24546.4,inf,expired,2021-01-05T00:00:00Z,2879.0630399999977,,,,,,,,0.0,0.0,0.0,0.0,0.0,,1.0,1.0,1609372800000000000,1609372860000000000,1609374660000000000,,,1609804800000000000,,"{""atr20"": 1428.1875, ""entry_mode"": ""E1"", ""exit_signal_time"": ""2021-01-22T00:01:00Z"", ""level"": 27402.83, ""m"": 10, ""n"": 20, ""valid_until"": ""2021-01-05T00:00:00Z""}"
E1-L-ENS,20,E1-L-ENS_N20_2021-01-06_L,N20,1,limit,2021-01-06T00:00:00Z,2021-01-06T00:01:00Z,2021-01-06T00:31:00Z,33054.5,28848.3,inf,expired,2021-01-11T00:00:00Z,4233.004710000001,,,,,,,,0.0,0.0,0.0,0.0,0.0,,1.0,1.0,1609891200000000000,1609891260000000000,1609893060000000000,,,1610323200000000000,,"{""atr20"": 2103.085, ""entry_mode"": ""E1"", ""exit_signal_time"": ""2021-01-22T00:01:00Z"", ""level"": 33054.53, ""m"": 10, ""n"": 20, ""valid_until"": ""2021-01-11T00:00:00Z""}"
E1-L-ENS,20,E1-L-ENS_N20_2021-02-06_L,N20,1,limit,2021-02-06T00:00:00Z,2021-02-06T00:01:00Z,2021-02-06T00:31:00Z,37652.5,31487.2,inf,filled,2021-02-26T00:40:00Z,6194.871539999999,,2021-02-07T15:20:00Z,37652.5,2021-02-26T00:35:00Z,46430.62,trend,1.6143e+18,30.745810000000002,9.286124000000001,2815.3379816405004,8778.120000000003,5922.750084359502,0.9560731075885235,1.0,1.0,1612569600000000000,1612569660000000000,1612571460000000000,1.6127112e+18,1.6142997e+18,1614300000000000000,0.9560731075885235,"{""atr20"": 3082.6364999999996, ""entry_mode"": ""E1"", ""exit_signal_time"": ""2021-02-26T00:01:00Z"", ""level"": 37652.51, ""m"": 10, ""n"": 20, ""valid_until"": ""2021-02-11T00:00:00Z""}"
E1-L-ENS,20,E1-L-ENS_N20_2021-03-12_L,N20,1,limit,2021-03-12T00:00:00Z,2021-03-12T00:01:00Z,2021-03-12T00:31:00Z,57487.4,48633.8,inf,filled,2021-03-23T00:40:00Z,8899.141139999998,,2021-03-12T00:35:00Z,57487.4,2021-03-23T00:35:00Z,54579.3,trend,1.61646e+18,38.787130000000005,10.91586,880.134818051,-2908.0999999999985,-3837.9378080509987,-0.431270585292796,1.0,1.0,1615507200000000000,1615507260000000000,1615509060000000000,1.6155093e+18,1.6164597e+18,1616460000000000000,-0.431270585292796,"{""atr20"": 4426.807500000001, ""entry_mode"": ""E1"", ""exit_signal_time"": ""2021-03-23T00:01:00Z"", ""level"": 57487.43, ""m"": 10, ""marketable_edge_r"": -0.0323869944824821, ""marketable_open"": 57182.09, ""n"": 20, ""valid_until"": ""2021-03-17T00:00:00Z""}"
E1-L-ENS,20,E1-L-ENS_N20_2021-04-06_L,N20,1,limit,2021-04-06T00:00:00Z,2021-04-06T00:01:00Z,2021-04-06T00:31:00Z,59031.4,52751.3,inf,filled,2021-04-18T03:25:00Z,6328.832189999998,,2021-04-06T01:20:00Z,59031.4,2021-04-18T03:20:00Z,52751.3,stop,1.6187163e+18,38.18193,10.550260000000002,1720.3871218639001,-6280.0999999999985,-8049.219311863899,-1.2718332656350462,1.0,1.0,1617667200000000000,1617667260000000000,1617669060000000000,1.617672e+18,1.618716e+18,1618716300000000000,-1.2718332656350462,"{""atr20"": 3140.0524999999993, ""entry_mode"": ""E1"", ""exit_signal_time"": ""2021-04-19T00:01:00Z"", ""level"": 59031.36, ""m"": 10, ""n"": 20, ""valid_until"": ""2021-04-11T00:00:00Z""}"
E1-L-ENS,20,E1-L-ENS_N20_2021-05-09_L,N20,1,limit,2021-05-09T00:00:00Z,2021-05-09T00:01:00Z,2021-05-09T00:31:00Z,57836.3,50198.5,inf,filled,2021-05-13T00:00:00Z,7684.506210000003,,2021-05-09T04:15:00Z,57836.3,2021-05-12T23:55:00Z,50198.5,stop,1.620864e+18,36.66651,10.0397,307.6917730944,-7637.800000000003,-7992.197983094403,-1.0400405393249594,1.0,1.0,1620518400000000000,1620518460000000000,1620520260000000000,1.6205337e+18,1.6208637e+18,1620864000000000000,-1.0400405393249594,"{""atr20"": 3818.8829999999994, ""entry_mode"": ""E1"", ""exit_signal_time"": ""2021-05-13T00:01:00Z"", ""level"": 57836.34, ""m"": 10, ""n"": 20, ""valid_until"": ""2021-05-14T00:00:00Z""}"
E1-L-ENS,20,E1-L-ENS_N20_2021-06-15_L,N20,1,limit,2021-06-15T00:00:00Z,2021-06-15T00:01:00Z,2021-06-15T00:31:00Z,39247.4,32926.3,inf,filled,2021-06-20T00:40:00Z,6351.997889999999,,2021-06-16T11:00:00Z,39247.4,2021-06-20T00:35:00Z,35299.21,trend,1.6241496e+18,25.499085,7.059842,22.337295613800002,-3948.1900000000023,-4003.0862226138024,-0.6302089975369628,1.0,1.0,1623715200000000000,1623715260000000000,1623717060000000000,1.6238412e+18,1.6241493e+18,1624149600000000000,-0.6302089975369628,"{""atr20"": 3160.5584999999996, ""entry_mode"": ""E1"", ""exit_signal_time"": ""2021-06-20T00:01:00Z"", ""level"": 39247.4, ""m"": 10, ""n"": 20, ""valid_until"": ""2021-06-20T00:00:00Z""}"
E1-L-ENS,20,E1-L-ENS_N20_2021-07-26_L,N20,1,limit,2021-07-26T00:00:00Z,2021-07-26T00:01:00Z,2021-07-26T00:31:00Z,34253.8,31048.0,inf,expired,2021-07-31T00:00:00Z,3234.3843600000027,,,,,,,,0.0,0.0,0.0,0.0,0.0,,1.0,1.0,1627257600000000000,1627257660000000000,1627259460000000000,,,1627689600000000000,,"{""atr20"": 1602.8770000000004, ""entry_mode"": ""E1"", ""exit_signal_time"": ""2021-09-08T00:01:00Z"", ""level"": 34253.81, ""m"": 10, ""n"": 20, ""valid_until"": ""2021-07-31T00:00:00Z""}"
E1-L-ENS,55,E1-L-ENS_N55_2021-07-31_L,N55,1,limit,2021-07-31T00:00:00Z,2021-07-31T00:01:00Z,2021-07-31T00:31:00Z,40489.1,36039.5,inf,filled,2021-09-21T00:40:00Z,4482.925469999998,,2021-08-01T22:30:00Z,40489.1,2021-09-21T00:35:00Z,40982.1,trend,1.6321848e+18,28.58887,8.19642,988.717873959,493.0,-532.503163959,-0.1187847461490365,1.0,1.0,1627689600000000000,1627689660000000000,1627691460000000000,1.627857e+18,1.6321845e+18,1632184800000000000,-0.1187847461490365,"{""atr20"": 2224.8110000000006, ""entry_mode"": ""E1"", ""exit_signal_time"": ""2021-09-21T00:01:00Z"", ""level"": 40489.1, ""m"": 28, ""n"": 55, ""valid_until"": ""2021-08-05T00:00:00Z""}"
E1-L-ENS,20,E1-L-ENS_N20_2021-07-31_L,N20,1,limit,2021-07-31T00:00:00Z,2021-07-31T00:01:00Z,2021-07-31T00:31:00Z,40012.9,35563.3,inf,filled,2021-09-08T00:40:00Z,4482.4968899999985,,2021-08-01T22:45:00Z,40012.9,2021-09-08T00:35:00Z,47059.35,trend,1.6310616e+18,31.532255,9.41187,807.1877992340001,7046.449999999997,6198.3180757659975,1.3827824598370217,1.0,1.0,1627689600000000000,1627689660000000000,1627691460000000000,1.6278579e+18,1.6310613e+18,1631061600000000000,1.3827824598370217,"{""atr20"": 2224.8110000000006, ""entry_mode"": ""E1"", ""exit_signal_time"": ""2021-09-08T00:01:00Z"", ""level"": 40012.9, ""m"": 10, ""n"": 20, ""valid_until"": ""2021-08-05T00:00:00Z""}"
E1-L-ENS,100,E1-L-ENS_N100_2021-08-24_L,N100,1,limit,2021-08-24T00:00:00Z,2021-08-24T00:01:00Z,2021-08-24T00:31:00Z,49332.7,44291.7,inf,filled,2021-09-07T15:10:00Z,5081.87073,,2021-08-24T00:35:00Z,49332.7,2021-09-07T15:05:00Z,44291.7,stop,1.6310274e+18,32.012389999999996,8.85834,448.8117482614,-5041.0,-5530.682478261399,-1.0883162465373062,1.0,1.0,1629763200000000000,1629763260000000000,1629765060000000000,1.6297653e+18,1.6310271e+18,1631027400000000000,-1.0883162465373062,"{""atr20"": 2520.4785, ""entry_mode"": ""E1"", ""exit_signal_time"": ""2021-11-27T00:01:00Z"", ""level"": 49332.74, ""m"": 50, ""n"": 100, ""valid_until"": ""2021-08-29T00:00:00Z""}"
E1-L-ENS,20,E1-L-ENS_N20_2021-10-05_L,N20,1,limit,2021-10-05T00:00:00Z,2021-10-05T00:01:00Z,2021-10-05T00:31:00Z,48285.2,43182.7,inf,expired,2021-10-10T00:00:00Z,5142.38493,,,,,,,,0.0,0.0,0.0,0.0,0.0,,1.0,1.0,1633392000000000000,1633392060000000000,1633393860000000000,,,1633824000000000000,,"{""atr20"": 2551.2500000000005, ""entry_mode"": ""E1"", ""exit_signal_time"": ""2021-10-27T00:01:00Z"", ""level"": 48285.15, ""m"": 10, ""n"": 20, ""valid_until"": ""2021-10-10T00:00:00Z""}"
E1-L-ENS,55,E1-L-ENS_N55_2021-10-07_L,N55,1,limit,2021-10-07T00:00:00Z,2021-10-07T00:01:00Z,2021-10-07T00:31:00Z,52684.0,47462.3,inf,expired,2021-10-12T00:00:00Z,5265.460409999997,,,,,,,,0.0,0.0,0.0,0.0,0.0,,1.0,1.0,1633564800000000000,1633564860000000000,1633566660000000000,,,1633996800000000000,,"{""atr20"": 2610.8485000000005, ""entry_mode"": ""E1"", ""exit_signal_time"": ""2021-11-19T00:01:00Z"", ""level"": 52683.97, ""m"": 28, ""n"": 55, ""valid_until"": ""2021-10-12T00:00:00Z""}"
E1-L-ENS,100,E1-L-ENS_N100_2021-10-07_L,N100,1,limit,2021-10-07T00:00:00Z,2021-10-07T00:01:00Z,2021-10-07T00:31:00Z,52684.0,47462.3,inf,expired,2021-10-12T00:00:00Z,5265.460409999997,,,,,,,,0.0,0.0,0.0,0.0,0.0,,1.0,1.0,1633564800000000000,1633564860000000000,1633566660000000000,,,1633996800000000000,,"{""atr20"": 2610.8485000000005, ""entry_mode"": ""E1"", ""exit_signal_time"": ""2021-11-27T00:01:00Z"", ""level"": 52683.97, ""m"": 50, ""n"": 100, ""valid_until"": ""2021-10-12T00:00:00Z""}"
E1-L-ENS,20,E1-L-ENS_N20_2021-10-12_L,N20,1,limit,2021-10-12T00:00:00Z,2021-10-12T00:01:00Z,2021-10-12T00:31:00Z,55321.6,49690.5,inf,filled,2021-10-27T00:40:00Z,5676.947669999999,,2021-10-12T19:50:00Z,55321.6,2021-10-27T00:35:00Z,60724.99,trend,1.6352952e+18,41.426815,12.144998,790.5127429036002,5403.389999999999,4559.3054440964,0.8031262060402964,1.0,1.0,1633996800000000000,1633996860000000000,1633998660000000000,1.6340682e+18,1.6352949e+18,1635295200000000000,0.8031262060402964,"{""atr20"": 2815.5485000000003, ""entry_mode"": ""E1"", ""exit_signal_time"": ""2021-10-27T00:01:00Z"", ""level"": 55321.6, ""m"": 10, ""n"": 20, ""valid_until"": ""2021-10-17T00:00:00Z""}"
E1-L-ENS,55,E1-L-ENS_N55_2021-10-12_L,N55,1,limit,2021-10-12T00:00:00Z,2021-10-12T00:01:00Z,2021-10-12T00:31:00Z,55321.6,49690.5,inf,filled,2021-11-19T00:40:00Z,5676.947669999999,,2021-10-12T19:50:00Z,55321.6,2021-11-19T00:35:00Z,57244.71,trend,1.6372824e+18,39.686675,11.448942,2093.8345189755,1923.1100000000006,-221.86013597549936,-0.03908088445978214,1.0,1.0,1633996800000000000,1633996860000000000,1633998660000000000,1.6340682e+18,1.6372821e+18,1637282400000000000,-0.03908088445978214,"{""atr20"": 2815.5485000000003, ""entry_mode"": ""E1"", ""exit_signal_time"": ""2021-11-19T00:01:00Z"", ""level"": 55321.6, ""m"": 28, ""n"": 55, ""valid_until"": ""2021-10-17T00:00:00Z""}"
E1-L-ENS,100,E1-L-ENS_N100_2021-10-12_L,N100,1,limit,2021-10-12T00:00:00Z,2021-10-12T00:01:00Z,2021-10-12T00:31:00Z,55321.6,49690.5,inf,filled,2021-11-27T00:40:00Z,5676.947669999999,,2021-10-12T19:50:00Z,55321.6,2021-11-27T00:35:00Z,54306.69,trend,1.6379736e+18,38.217665000000004,10.861338000000002,2258.3057570769997,-1014.9099999999962,-3322.2947600769958,-0.5852255390046596,1.0,1.0,1633996800000000000,1633996860000000000,1633998660000000000,1.6340682e+18,1.6379733e+18,1637973600000000000,-0.5852255390046596,"{""atr20"": 2815.5485000000003, ""entry_mode"": ""E1"", ""exit_signal_time"": ""2021-11-27T00:01:00Z"", ""level"": 55321.6, ""m"": 50, ""n"": 100, ""valid_until"": ""2021-10-17T00:00:00Z""}"
E1-L-ENS,20,E1-L-ENS_N20_2021-11-09_L,N20,1,limit,2021-11-09T00:00:00Z,2021-11-09T00:01:00Z,2021-11-09T00:31:00Z,66064.2,60053.3,inf,filled,2021-11-16T10:05:00Z,6066.150149999994,,2021-11-10T13:30:00Z,66064.2,2021-11-16T10:00:00Z,60053.3,stop,1.6370571e+18,43.23949,12.010660000000001,280.79087494620006,-6010.899999999994,-6346.941024946194,-1.0462881511342412,1.0,1.0,1636416000000000000,1636416060000000000,1636417860000000000,1.636551e+18,1.6370568e+18,1637057100000000000,-1.0462881511342412,"{""atr20"": 3005.435, ""entry_mode"": ""E1"", ""exit_signal_time"": ""2021-11-17T00:01:00Z"", ""level"": 66064.24, ""m"": 10, ""n"": 20, ""valid_until"": ""2021-11-14T00:00:00Z""}"
E1-L-ENS,20,E1-L-ENS_N20_2022-02-07_L,N20,1,limit,2022-02-07T00:00:00Z,2022-02-07T00:01:00Z,2022-02-07T00:31:00Z,42337.6,37745.4,inf,filled,2022-02-18T00:40:00Z,4627.089299999997,,2022-02-07T00:35:00Z,42337.6,2022-02-18T00:35:00Z,40554.3,trend,1.6451448e+18,28.744670000000003,8.11086,83.53530054929999,-1783.2999999999956,-1903.6908305492957,-0.41142297179120724,1.0,1.0,1644192000000000000,1644192060000000000,1644193860000000000,1.6441941e+18,1.6451445e+18,1645144800000000000,-0.41142297179120724,"{""atr20"": 2296.0870000000004, ""entry_mode"": ""E1"", ""exit_signal_time"": ""2022-02-18T00:01:00Z"", ""level"": 42337.58, ""m"": 10, ""marketable_edge_r"": -0.11793543297294809, ""marketable_open"": 41779.48, ""n"": 20, ""valid_until"": ""2022-02-12T00:00:00Z""}"
E1-L-ENS,20,E1-L-ENS_N20_2022-03-24_L,N20,1,limit,2022-03-24T00:00:00Z,2022-03-24T00:01:00Z,2022-03-24T00:31:00Z,42449.5,38256.1,inf,expired,2022-03-29T00:00:00Z,4228.669170000001,,,,,,,,0.0,0.0,0.0,0.0,0.0,,1.0,1.0,1648080000000000000,1648080060000000000,1648081860000000000,,,1648512000000000000,,"{""atr20"": 2096.685000000001, ""entry_mode"": ""E1"", ""exit_signal_time"": ""2022-04-07T00:01:00Z"", ""level"": 42449.5, ""m"": 10, ""n"": 20, ""valid_until"": ""2022-03-29T00:00:00Z""}"
E1-L-ENS,20,E1-L-ENS_N20_2022-03-29_L,N20,1,limit,2022-03-29T00:00:00Z,2022-03-29T00:01:00Z,2022-03-29T00:31:00Z,46820.8,42967.3,inf,filled,2022-04-07T00:40:00Z,3892.94127,,2022-03-30T01:40:00Z,46820.8,2022-04-07T00:35:00Z,43497.1,trend,1.649292e+18,31.11271,8.69942,109.02271706,-3323.7000000000044,-3472.5348470600043,-0.8920080232959704,1.0,1.0,1648512000000000000,1648512060000000000,1648513860000000000,1.6486044e+18,1.6492917e+18,1649292000000000000,-0.8920080232959704,"{""atr20"": 1926.7300000000007, ""entry_mode"": ""E1"", ""exit_signal_time"": ""2022-04-07T00:01:00Z"", ""level"": 46820.8, ""m"": 10, ""n"": 20, ""valid_until"": ""2022-04-03T00:00:00Z""}"
E1-L-ENS,55,E1-L-ENS_N55_2022-03-28_L,N55,1,limit,2022-03-28T00:00:00Z,2022-03-28T00:01:00Z,2022-03-28T00:31:00Z,44529.6,40697.6,inf,filled,2022-04-11T13:35:00Z,3869.39424,,2022-04-01T02:25:00Z,44529.6,2022-04-11T13:30:00Z,40697.6,stop,1.6496841e+18,29.25472,8.139520000000001,121.76135838999998,-3832.0,-3991.1555983900003,-1.0314678088707756,1.0,1.0,1648425600000000000,1648425660000000000,1648427460000000000,1.6487799e+18,1.6496838e+18,1649684100000000000,-1.0314678088707756,"{""atr20"": 1915.9800000000007, ""entry_mode"": ""E1"", ""exit_signal_time"": ""2022-04-24T00:01:00Z"", ""level"": 44529.6, ""m"": 28, ""n"": 55, ""valid_until"": ""2022-04-02T00:00:00Z""}"
E1-L-ENS,20,E1-L-ENS_N20_2022-05-31_L,N20,1,limit,2022-05-31T00:00:00Z,2022-05-31T00:01:00Z,2022-05-31T00:31:00Z,31324.4,27578.4,inf,filled,2022-06-11T00:40:00Z,3771.56976,,2022-05-31T13:40:00Z,31324.4,2022-06-11T00:35:00Z,29162.6,trend,1.654908e+18,20.84618,5.83252,53.132410512,-2161.800000000003,-2241.611110512003,-0.5943443322421811,1.0,1.0,1653955200000000000,1653955260000000000,1653957060000000000,1.6540044e+18,1.6549077e+18,1654908000000000000,-0.5943443322421811,"{""atr20"": 1873.0, ""entry_mode"": ""E1"", ""exit_signal_time"": ""2022-06-11T00:01:00Z"", ""level"": 31324.4, ""m"": 10, ""n"": 20, ""valid_until"": ""2022-06-05T00:00:00Z""}"
E1-L-ENS,20,E1-L-ENS_N20_2022-07-08_L,N20,1,limit,2022-07-08T00:00:00Z,2022-07-08T00:01:00Z,2022-07-08T00:31:00Z,21481.9,18840.7,inf,filled,2022-08-20T00:40:00Z,2658.684870000001,,2022-07-08T08:55:00Z,21481.9,2022-08-20T00:35:00Z,21059.6,trend,1.660956e+18,14.82618,4.21192,173.46203437000003,-422.3000000000029,-614.800134370003,-0.23124219846709504,1.0,1.0,1657238400000000000,1657238460000000000,1657240260000000000,1.6572705e+18,1.6609557e+18,1660956000000000000,-0.23124219846709504,"{""atr20"": 1320.5950000000003, ""entry_mode"": ""E1"", ""exit_signal_time"": ""2022-08-20T00:01:00Z"", ""level"": 21481.9, ""m"": 10, ""n"": 20, ""valid_until"": ""2022-07-13T00:00:00Z""}"
E1-L-ENS,55,E1-L-ENS_N55_2022-08-11_L,N55,1,limit,2022-08-11T00:00:00Z,2022-08-11T00:01:00Z,2022-08-11T00:31:00Z,23836.2,21784.5,inf,filled,2022-08-19T06:40:00Z,2071.7163900000005,,2022-08-12T00:10:00Z,23836.2,2022-08-19T06:35:00Z,21784.5,stop,1.6608912e+18,15.659490000000002,4.3569,13.254561691,-2051.7000000000007,-2084.970951691001,-1.0063978649563132,1.0,1.0,1660176000000000000,1660176060000000000,1660177860000000000,1.660263e+18,1.6608909e+18,1660891200000000000,-1.0063978649563132,"{""atr20"": 1025.8300000000002, ""entry_mode"": ""E1"", ""exit_signal_time"": ""2022-08-20T00:01:00Z"", ""level"": 23836.2, ""m"": 28, ""n"": 55, ""valid_until"": ""2022-08-16T00:00:00Z""}"
E1-L-ENS,20,E1-L-ENS_N20_2022-09-11_L,N20,1,limit,2022-09-11T00:00:00Z,2022-09-11T00:01:00Z,2022-09-11T00:31:00Z,21548.3,19824.3,inf,filled,2022-09-14T18:15:00Z,1742.18667,,2022-09-11T00:40:00Z,21548.3,2022-09-14T18:10:00Z,19824.3,stop,1.6631793e+18,14.221810000000001,3.96486,15.926214152000004,-1724.0,-1758.112884152,-1.009141508442376,1.0,1.0,1662854400000000000,1662854460000000000,1662856260000000000,1.6628568e+18,1.663179e+18,1663179300000000000,-1.009141508442376,"{""atr20"": 861.9799999999999, ""entry_mode"": ""E1"", ""exit_signal_time"": ""2022-09-21T00:01:00Z"", ""level"": 21548.3, ""m"": 10, ""n"": 20, ""valid_until"": ""2022-09-16T00:00:00Z""}"
E1-L-ENS,20,E1-L-ENS_N20_2022-10-05_L,N20,1,limit,2022-10-05T00:00:00Z,2022-10-05T00:01:00Z,2022-10-05T00:31:00Z,20217.0,18381.8,inf,filled,2022-10-13T12:35:00Z,1852.1106600000007,,2022-10-05T00:35:00Z,20217.0,2022-10-13T12:30:00Z,18381.8,stop,1.6656645e+18,13.2343,3.67636,38.971007288,-1835.2000000000007,-1891.0816672880007,-1.0210414032647488,1.0,1.0,1664928000000000000,1664928060000000000,1664929860000000000,1.6649301e+18,1.6656642e+18,1665664500000000000,-1.0210414032647488,"{""atr20"": 917.5799999999997, ""entry_mode"": ""E1"", ""exit_signal_time"": ""2022-10-21T00:01:00Z"", ""level"": 20217.0, ""m"": 10, ""marketable_edge_r"": -0.0018031320007644539, ""marketable_open"": 20207.6, ""n"": 20, ""valid_until"": ""2022-10-10T00:00:00Z""}"
E1-L-ENS,20,E1-L-ENS_N20_2022-10-27_L,N20,1,limit,2022-10-27T00:00:00Z,2022-10-27T00:01:00Z,2022-10-27T00:31:00Z,20068.3,18937.0,inf,filled,2022-11-08T18:10:00Z,1148.5695599999992,,2022-10-28T07:50:00Z,20068.3,2022-11-08T18:05:00Z,18937.0,stop,1.667931e+18,13.48216,3.7874000000000003,29.752210059,-1131.2999999999993,-1178.3217700589992,-1.0259037076161064,1.0,1.0,1666828800000000000,1666828860000000000,1666830660000000000,1.6669434e+18,1.6679307e+18,1667931000000000000,-1.0259037076161064,"{""atr20"": 565.6450000000001, ""entry_mode"": ""E1"", ""exit_signal_time"": ""2022-11-09T00:01:00Z"", ""level"": 20068.3, ""m"": 10, ""n"": 20, ""valid_until"": ""2022-11-01T00:00:00Z""}"
E1-L-ENS,20,E1-L-ENS_N20_2022-12-09_L,N20,1,limit,2022-12-09T00:00:00Z,2022-12-09T00:01:00Z,2022-12-09T00:31:00Z,17153.3,16245.5,inf,filled,2022-12-17T00:40:00Z,922.6025099999993,,2022-12-09T13:30:00Z,17153.3,2022-12-17T00:35:00Z,16712.3,trend,1.6712376e+18,11.78681,3.34246,15.721928856999998,-441.0,-471.85119885700004,-0.5114349828259197,1.0,1.0,1670544000000000000,1670544060000000000,1670545860000000000,1.6705926e+18,1.6712373e+18,1671237600000000000,-0.5114349828259197,"{""atr20"": 453.88500000000033, ""entry_mode"": ""E1"", ""exit_signal_time"": ""2022-12-17T00:01:00Z"", ""level"": 17153.3, ""m"": 10, ""n"": 20, ""valid_until"": ""2022-12-14T00:00:00Z""}"
E1-L-ENS,20,E1-L-ENS_N20_2023-01-07_L,N20,1,limit,2023-01-07T00:00:00Z,2023-01-07T00:01:00Z,2023-01-07T00:31:00Z,16912.9,16379.6,inf,filled,2023-02-07T00:40:00Z,548.1483000000011,,2023-01-07T10:25:00Z,16912.9,2023-02-07T00:35:00Z,22804.7,trend,1.6757304e+18,14.784930000000001,4.56094,194.802759933,5891.799999999999,5677.651370066999,10.357874630035317,1.0,1.0,1673049600000000000,1673049660000000000,1673051460000000000,1.6730871e+18,1.6757301e+18,1675730400000000000,10.357874630035317,"{""atr20"": 266.6549999999999, ""entry_mode"": ""E1"", ""exit_signal_time"": ""2023-02-07T00:01:00Z"", ""level"": 16912.9, ""m"": 10, ""n"": 20, ""valid_until"": ""2023-01-12T00:00:00Z""}"
E1-L-ENS,55,E1-L-ENS_N55_2023-01-12_L,N55,1,limit,2023-01-12T00:00:00Z,2023-01-12T00:01:00Z,2023-01-12T00:31:00Z,17803.9,17328.0,inf,expired,2023-01-17T00:00:00Z,491.59038000000146,,,,,,,,0.0,0.0,0.0,0.0,0.0,,1.0,1.0,1673481600000000000,1673481660000000000,1673483460000000000,,,1673913600000000000,,"{""atr20"": 237.96999999999989, ""entry_mode"": ""E1"", ""exit_signal_time"": ""2023-03-10T00:01:00Z"", ""level"": 17803.9, ""m"": 28, ""n"": 55, ""valid_until"": ""2023-01-17T00:00:00Z""}"
E1-L-ENS,55,E1-L-ENS_N55_2023-01-17_L,N55,1,limit,2023-01-17T00:00:00Z,2023-01-17T00:01:00Z,2023-01-17T00:31:00Z,20962.8,20044.5,inf,filled,2023-03-09T21:00:00Z,936.5237099999993,,2023-01-17T01:10:00Z,20962.8,2023-03-09T20:55:00Z,20044.5,stop,1.6783956e+18,14.21481,4.008900000000001,292.84171210500006,-918.2999999999993,-1229.3654221049992,-1.3126901208993418,1.0,1.0,1673913600000000000,1673913660000000000,1673915460000000000,1.6739178e+18,1.6783953e+18,1678395600000000000,-1.3126901208993418,"{""atr20"": 459.1399999999996, ""entry_mode"": ""E1"", ""exit_signal_time"": ""2023-03-10T00:01:00Z"", ""level"": 20962.8, ""m"": 28, ""n"": 55, ""valid_until"": ""2023-01-22T00:00:00Z""}"
E1-L-ENS,100,E1-L-ENS_N100_2023-01-21_L,N100,1,limit,2023-01-21T00:00:00Z,2023-01-21T00:01:00Z,2023-01-21T00:31:00Z,21289.9,20143.4,inf,expired,2023-01-26T00:00:00Z,1164.85836,,,,,,,,0.0,0.0,0.0,0.0,0.0,,1.0,1.0,1674259200000000000,1674259260000000000,1674261060000000000,,,1674691200000000000,,"{""atr20"": 573.2599999999996, ""entry_mode"": ""E1"", ""exit_signal_time"": ""2023-03-10T00:01:00Z"", ""level"": 21289.9, ""m"": 50, ""n"": 100, ""valid_until"": ""2023-01-26T00:00:00Z""}"
E1-L-ENS,100,E1-L-ENS_N100_2023-01-26_L,N100,1,limit,2023-01-26T00:00:00Z,2023-01-26T00:01:00Z,2023-01-26T00:31:00Z,22913.1,21368.9,inf,filled,2023-02-13T16:40:00Z,1563.7408499999972,,2023-01-26T06:20:00Z,22913.1,2023-02-13T16:35:00Z,21368.9,stop,1.6763064e+18,15.267070000000002,4.27378,120.18635031100001,-1544.199999999997,-1683.9272003109973,-1.0768582276986627,1.0,1.0,1674691200000000000,1674691260000000000,1674693060000000000,1.674714e+18,1.6763061e+18,1676306400000000000,-1.0768582276986627,"{""atr20"": 772.1199999999997, ""entry_mode"": ""E1"", ""exit_signal_time"": ""2023-03-10T00:01:00Z"", ""level"": 22913.1, ""m"": 50, ""n"": 100, ""valid_until"": ""2023-01-31T00:00:00Z""}"
E1-L-ENS,20,E1-L-ENS_N20_2023-02-16_L,N20,1,limit,2023-02-16T00:00:00Z,2023-02-16T00:01:00Z,2023-02-16T00:31:00Z,23740.3,22318.7,inf,filled,2023-02-26T00:40:00Z,1441.9711499999985,,2023-02-16T23:40:00Z,23740.3,2023-02-26T00:35:00Z,23117.6,trend,1.677372e+18,16.30686,4.62352,53.84474404899999,-622.7000000000007,-697.4751240490008,-0.48369561627429336,1.0,1.0,1676505600000000000,1676505660000000000,1676507460000000000,1.6765908e+18,1.6773717e+18,1677372000000000000,-0.48369561627429336,"{""atr20"": 710.7850000000002, ""entry_mode"": ""E1"", ""exit_signal_time"": ""2023-02-26T00:01:00Z"", ""level"": 23740.3, ""m"": 10, ""n"": 20, ""valid_until"": ""2023-02-21T00:00:00Z""}"
E1-L-ENS,100,E1-L-ENS_N100_2023-02-16_L,N100,1,limit,2023-02-16T00:00:00Z,2023-02-16T00:01:00Z,2023-02-16T00:31:00Z,23740.3,22318.7,inf,filled,2023-03-03T01:35:00Z,1441.9711499999985,,2023-02-16T23:40:00Z,23740.3,2023-03-03T01:30:00Z,22318.7,stop,1.6778073e+18,15.907409999999999,4.4637400000000005,75.638263501,-1421.5999999999985,-1517.6094135009985,-1.0524547689466603,1.0,1.0,1676505600000000000,1676505660000000000,1676507460000000000,1.6765908e+18,1.677807e+18,1677807300000000000,-1.0524547689466603,"{""atr20"": 710.7850000000002, ""entry_mode"": ""E1"", ""exit_signal_time"": ""2023-03-10T00:01:00Z"", ""level"": 23740.3, ""m"": 50, ""n"": 100, ""valid_until"": ""2023-02-21T00:00:00Z""}"
E1-L-ENS,20,E1-L-ENS_N20_2023-03-15_L,N20,1,limit,2023-03-15T00:00:00Z,2023-03-15T00:01:00Z,2023-03-15T00:31:00Z,24171.3,22208.8,inf,filled,2023-04-21T00:40:00Z,1982.88042,,2023-03-15T16:10:00Z,24171.3,2023-04-21T00:35:00Z,28119.3,trend,1.6820376e+18,18.893909999999998,5.6238600000000005,157.750418999,3948.0,3765.731811001,1.899121990927219,1.0,1.0,1678838400000000000,1678838460000000000,1678840260000000000,1.6788966e+18,1.6820373e+18,1682037600000000000,1.899121990927219,"{""atr20"": 981.2549999999999, ""entry_mode"": ""E1"", ""exit_signal_time"": ""2023-04-21T00:01:00Z"", ""level"": 24171.3, ""m"": 10, ""n"": 20, ""valid_until"": ""2023-03-20T00:00:00Z""}"
E1-L-ENS,55,E1-L-ENS_N55_2023-03-17_L,N55,1,limit,2023-03-17T00:00:00Z,2023-03-17T00:01:00Z,2023-03-17T00:31:00Z,24849.9,22691.8,inf,expired,2023-03-22T00:00:00Z,2178.9542400000023,,,,,,,,0.0,0.0,0.0,0.0,0.0,,1.0,1.0,1679011200000000000,1679011260000000000,1679013060000000000,,,1679443200000000000,,"{""atr20"": 1079.075, ""entry_mode"": ""E1"", ""exit_signal_time"": ""2023-05-12T00:01:00Z"", ""level"": 24849.9, ""m"": 28, ""n"": 55, ""valid_until"": ""2023-03-22T00:00:00Z""}"
E1-L-ENS,100,E1-L-ENS_N100_2023-03-17_L,N100,1,limit,2023-03-17T00:00:00Z,2023-03-17T00:01:00Z,2023-03-17T00:31:00Z,24849.9,22691.8,inf,expired,2023-03-22T00:00:00Z,2178.9542400000023,,,,,,,,0.0,0.0,0.0,0.0,0.0,,1.0,1.0,1679011200000000000,1679011260000000000,1679013060000000000,,,1679443200000000000,,"{""atr20"": 1079.075, ""entry_mode"": ""E1"", ""exit_signal_time"": ""2023-05-12T00:01:00Z"", ""level"": 24849.9, ""m"": 50, ""n"": 100, ""valid_until"": ""2023-03-22T00:00:00Z""}"
E1-L-ENS,55,E1-L-ENS_N55_2023-03-22_L,N55,1,limit,2023-03-22T00:00:00Z,2023-03-22T00:01:00Z,2023-03-22T00:31:00Z,27955.7,25378.2,inf,filled,2023-05-12T00:40:00Z,2600.85588,,2023-03-22T00:35:00Z,27955.7,2023-05-12T00:35:00Z,26934.0,trend,1.683852e+18,19.05814,5.3868,208.13998937399998,-1021.7000000000007,-1254.2849293740007,-0.48225852844026124,1.0,1.0,1679443200000000000,1679443260000000000,1679445060000000000,1.6794453e+18,1.6838517e+18,1683852000000000000,-0.48225852844026124,"{""atr20"": 1288.7350000000004, ""entry_mode"": ""E1"", ""exit_signal_time"": ""2023-05-12T00:01:00Z"", ""level"": 27955.7, ""m"": 28, ""n"": 55, ""valid_until"": ""2023-03-27T00:00:00Z""}"
E1-L-ENS,100,E1-L-ENS_N100_2023-03-22_L,N100,1,limit,2023-03-22T00:00:00Z,2023-03-22T00:01:00Z,2023-03-22T00:31:00Z,27955.7,25378.2,inf,filled,2023-05-12T00:40:00Z,2600.85588,,2023-03-22T00:35:00Z,27955.7,2023-05-12T00:35:00Z,26934.0,trend,1.683852e+18,19.05814,5.3868,208.13998937399998,-1021.7000000000007,-1254.2849293740007,-0.48225852844026124,1.0,1.0,1679443200000000000,1679443260000000000,1679445060000000000,1.6794453e+18,1.6838517e+18,1683852000000000000,-0.48225852844026124,"{""atr20"": 1288.7350000000004, ""entry_mode"": ""E1"", ""exit_signal_time"": ""2023-05-12T00:01:00Z"", ""level"": 27955.7, ""m"": 50, ""n"": 100, ""valid_until"": ""2023-03-27T00:00:00Z""}"
E1-L-ENS,20,E1-L-ENS_N20_2023-05-29_L,N20,1,limit,2023-05-29T00:00:00Z,2023-05-29T00:01:00Z,2023-05-29T00:31:00Z,27659.8,26045.8,inf,filled,2023-06-05T16:00:00Z,1637.76402,,2023-05-29T14:55:00Z,27659.8,2023-06-05T15:55:00Z,26045.8,stop,1.6859808e+18,18.554859999999998,5.20916,42.716136566,-1614.0,-1680.480156566,-1.0260819849772984,1.0,1.0,1685318400000000000,1685318460000000000,1685320260000000000,1.6853721e+18,1.6859805e+18,1685980800000000000,-1.0260819849772984,"{""atr20"": 806.9800000000001, ""entry_mode"": ""E1"", ""exit_signal_time"": ""2023-06-06T00:01:00Z"", ""level"": 27659.8, ""m"": 10, ""n"": 20, ""valid_until"": ""2023-06-03T00:00:00Z""}"
E1-L-ENS,20,E1-L-ENS_N20_2023-06-21_L,N20,1,limit,2023-06-21T00:00:00Z,2023-06-21T00:01:00Z,2023-06-21T00:31:00Z,27227.8,25379.9,inf,expired,2023-06-26T00:00:00Z,1871.1114899999977,,,,,,,,0.0,0.0,0.0,0.0,0.0,,1.0,1.0,1687305600000000000,1687305660000000000,1687307460000000000,,,1687737600000000000,,"{""atr20"": 923.9650000000005, ""entry_mode"": ""E1"", ""exit_signal_time"": ""2023-07-07T00:01:00Z"", ""level"": 27227.8, ""m"": 10, ""n"": 20, ""valid_until"": ""2023-06-26T00:00:00Z""}"
E1-L-ENS,55,E1-L-ENS_N55_2023-06-22_L,N55,1,limit,2023-06-22T00:00:00Z,2023-06-22T00:01:00Z,2023-06-22T00:31:00Z,29491.5,27567.1,inf,expired,2023-06-27T00:00:00Z,1949.5952700000014,,,,,,,,0.0,0.0,0.0,0.0,0.0,,1.0,1.0,1687392000000000000,1687392060000000000,1687393860000000000,,,1687824000000000000,,"{""atr20"": 962.2100000000004, ""entry_mode"": ""E1"", ""exit_signal_time"": ""2023-07-21T00:01:00Z"", ""level"": 29491.5, ""m"": 28, ""n"": 55, ""valid_until"": ""2023-06-27T00:00:00Z""}"
E1-L-ENS,100,E1-L-ENS_N100_2023-06-24_L,N100,1,limit,2023-06-24T00:00:00Z,2023-06-24T00:01:00Z,2023-06-24T00:31:00Z,30453.1,28327.4,inf,filled,2023-08-17T00:40:00Z,2151.619799999997,,2023-06-24T00:55:00Z,30453.1,2023-08-17T00:35:00Z,28727.6,trend,1.6922328e+18,20.45442,5.74552,360.280477355,-1725.5,-2111.980417355,-0.981576957673936,1.0,1.0,1687564800000000000,1687564860000000000,1687566660000000000,1.6875681e+18,1.6922325e+18,1692232800000000000,-0.981576957673936,"{""atr20"": 1062.8700000000003, ""entry_mode"": ""E1"", ""exit_signal_time"": ""2023-08-17T00:01:00Z"", ""level"": 30453.1, ""m"": 50, ""n"": 100, ""valid_until"": ""2023-06-29T00:00:00Z""}"
E1-L-ENS,20,E1-L-ENS_N20_2023-06-28_L,N20,1,limit,2023-06-28T00:00:00Z,2023-06-28T00:01:00Z,2023-06-28T00:31:00Z,30673.4,28638.3,inf,filled,2023-07-07T00:40:00Z,2061.281490000002,,2023-06-28T00:35:00Z,30673.4,2023-07-07T00:35:00Z,29899.8,trend,1.6886904e+18,21.08458,5.97996,73.28830931600001,-773.6000000000022,-873.9528493160021,-0.42398520219380675,1.0,1.0,1687910400000000000,1687910460000000000,1687912260000000000,1.6879125e+18,1.6886901e+18,1688690400000000000,-0.42398520219380675,"{""atr20"": 1017.5700000000003, ""entry_mode"": ""E1"", ""exit_signal_time"": ""2023-07-07T00:01:00Z"", ""level"": 30673.4, ""m"": 10, ""marketable_edge_r"": -0.07829266928506659, ""marketable_open"": 30502.9, ""n"": 20, ""valid_until"": ""2023-07-03T00:00:00Z""}"
E1-L-ENS,55,E1-L-ENS_N55_2023-06-28_L,N55,1,limit,2023-06-28T00:00:00Z,2023-06-28T00:01:00Z,2023-06-28T00:31:00Z,30673.4,28638.3,inf,filled,2023-07-21T00:40:00Z,2061.281490000002,,2023-06-28T00:35:00Z,30673.4,2023-07-21T00:35:00Z,29767.2,trend,1.6899e+18,21.01828,5.9534400000000005,134.069680694,-906.2000000000007,-1067.2414006940007,-0.5177562627285803,1.0,1.0,1687910400000000000,1687910460000000000,1687912260000000000,1.6879125e+18,1.6898997e+18,1689900000000000000,-0.5177562627285803,"{""atr20"": 1017.5700000000003, ""entry_mode"": ""E1"", ""exit_signal_time"": ""2023-07-21T00:01:00Z"", ""level"": 30673.4, ""m"": 28, ""marketable_edge_r"": -0.07829266928506659, ""marketable_open"": 30502.9, ""n"": 55, ""valid_until"": ""2023-07-03T00:00:00Z""}"
E1-L-ENS,20,E1-L-ENS_N20_2023-07-14_L,N20,1,limit,2023-07-14T00:00:00Z,2023-07-14T00:01:00Z,2023-07-14T00:31:00Z,31149.0,29436.7,inf,filled,2023-07-18T00:40:00Z,1739.1354899999992,,2023-07-14T07:50:00Z,31149.0,2023-07-18T00:35:00Z,30144.6,trend,1.6896408e+18,21.3021,6.02892,16.009801723,-1004.4000000000015,-1047.7408217230015,-0.6024492213214521,1.0,1.0,1689292800000000000,1689292860000000000,1689294660000000000,1.689321e+18,1.6896405e+18,1689640800000000000,-0.6024492213214521,"{""atr20"": 856.1450000000004, ""entry_mode"": ""E1"", ""exit_signal_time"": ""2023-07-18T00:01:00Z"", ""level"": 31149.0, ""m"": 10, ""n"": 20, ""valid_until"": ""2023-07-19T00:00:00Z""}"
E1-L-ENS,20,E1-L-ENS_N20_2023-10-02_L,N20,1,limit,2023-10-02T00:00:00Z,2023-10-02T00:01:00Z,2023-10-02T00:31:00Z,27196.0,25905.1,inf,filled,2023-10-12T00:32:00Z,1314.4727700000014,,2023-10-03T20:06:00Z,27196.0,2023-10-12T00:31:00Z,26819.2,trend,1.69707072e+18,18.8488,5.363840000000001,18.696049605000002,-376.7999999999993,-419.7086896049992,-0.31929812407220787,1.0,1.0,1696204800000000000,1696204860000000000,1696206660000000000,1.69636356e+18,1.69707066e+18,1697070720000000000,-0.31929812407220787,"{""atr20"": 645.4350000000001, ""entry_mode"": ""E1"", ""exit_signal_time"": ""2023-10-12T00:01:00Z"", ""level"": 27196.0, ""m"": 10, ""n"": 20, ""valid_until"": ""2023-10-07T00:00:00Z""}"
E1-L-ENS,20,E1-L-ENS_N20_2023-10-17_L,N20,1,limit,2023-10-17T00:00:00Z,2023-10-17T00:01:00Z,2023-10-17T00:31:00Z,27981.4,26637.5,inf,expired,2023-10-22T00:00:00Z,1368.1425300000014,,,,,,,,0.0,0.0,0.0,0.0,0.0,,1.0,1.0,1697500800000000000,1697500860000000000,1697502660000000000,,,1697932800000000000,,"{""atr20"": 671.945, ""entry_mode"": ""E1"", ""exit_signal_time"": ""2023-12-30T00:01:00Z"", ""level"": 27981.4, ""m"": 10, ""n"": 20, ""valid_until"": ""2023-10-22T00:00:00Z""}"
E1-L-ENS,55,E1-L-ENS_N55_2023-10-17_L,N55,1,limit,2023-10-17T00:00:00Z,2023-10-17T00:01:00Z,2023-10-17T00:31:00Z,27981.4,26637.5,inf,expired,2023-10-22T00:00:00Z,1368.1425300000014,,,,,,,,0.0,0.0,0.0,0.0,0.0,,1.0,1.0,1697500800000000000,1697500860000000000,1697502660000000000,,,1697932800000000000,,"{""atr20"": 671.945, ""entry_mode"": ""E1"", ""exit_signal_time"": ""2024-01-19T00:01:00Z"", ""level"": 27981.4, ""m"": 28, ""n"": 55, ""valid_until"": ""2023-10-22T00:00:00Z""}"
E1-L-ENS,20,E1-L-ENS_N20_2023-10-22_L,N20,1,limit,2023-10-22T00:00:00Z,2023-10-22T00:01:00Z,2023-10-22T00:31:00Z,29653.0,27832.1,inf,filled,2023-12-30T00:32:00Z,1846.3130700000015,,2023-10-22T07:40:00Z,29653.0,2023-12-30T00:31:00Z,42162.6,trend,1.70389632e+18,27.011899999999997,8.43252,1106.185192703,12509.599999999999,11367.970387296999,6.157119597976409,1.0,1.0,1697932800000000000,1697932860000000000,1697934660000000000,1.6979604e+18,1.70389626e+18,1703896320000000000,6.157119597976409,"{""atr20"": 910.4300000000001, ""entry_mode"": ""E1"", ""exit_signal_time"": ""2023-12-30T00:01:00Z"", ""level"": 29653.0, ""m"": 10, ""n"": 20, ""valid_until"": ""2023-10-27T00:00:00Z""}"
E1-L-ENS,55,E1-L-ENS_N55_2023-10-22_L,N55,1,limit,2023-10-22T00:00:00Z,2023-10-22T00:01:00Z,2023-10-22T00:31:00Z,29653.0,27832.1,inf,filled,2024-01-19T00:32:00Z,1846.3130700000015,,2023-10-22T07:40:00Z,29653.0,2024-01-19T00:31:00Z,41148.1,trend,1.70562432e+18,26.504649999999998,8.22962,1516.333772901,11495.099999999999,9944.031957098998,5.385886130946898,1.0,1.0,1697932800000000000,1697932860000000000,1697934660000000000,1.6979604e+18,1.70562426e+18,1705624320000000000,5.385886130946898,"{""atr20"": 910.4300000000001, ""entry_mode"": ""E1"", ""exit_signal_time"": ""2024-01-19T00:01:00Z"", ""level"": 29653.0, ""m"": 28, ""n"": 55, ""valid_until"": ""2023-10-27T00:00:00Z""}"
E1-L-ENS,100,E1-L-ENS_N100_2023-10-24_L,N100,1,limit,2023-10-24T00:00:00Z,2023-10-24T00:01:00Z,2023-10-24T00:31:00Z,30276.4,28578.5,inf,expired,2023-10-29T00:00:00Z,1723.9602300000015,,,,,,,,0.0,0.0,0.0,0.0,0.0,,1.0,1.0,1698105600000000000,1698105660000000000,1698107460000000000,,,1698537600000000000,,"{""atr20"": 848.9300000000001, ""entry_mode"": ""E1"", ""exit_signal_time"": ""2024-01-23T00:01:00Z"", ""level"": 30276.4, ""m"": 50, ""n"": 100, ""valid_until"": ""2023-10-29T00:00:00Z""}"
E1-L-ENS,100,E1-L-ENS_N100_2023-10-30_L,N100,1,limit,2023-10-30T00:00:00Z,2023-10-30T00:01:00Z,2023-10-30T00:31:00Z,34487.7,31906.2,inf,filled,2024-01-23T00:32:00Z,2610.731879999996,,2023-10-30T00:38:00Z,34487.7,2024-01-23T00:31:00Z,39749.2,trend,1.70596992e+18,26.772139999999997,7.94984,1493.738901922,5261.5,3733.039118078,1.4298822283037373,1.0,1.0,1698624000000000000,1698624060000000000,1698625860000000000,1.69862628e+18,1.70596986e+18,1705969920000000000,1.4298822283037373,"{""atr20"": 1290.7750000000003, ""entry_mode"": ""E1"", ""exit_signal_time"": ""2024-01-23T00:01:00Z"", ""level"": 34487.7, ""m"": 50, ""n"": 100, ""valid_until"": ""2023-11-04T00:00:00Z""}"
E1-L-ENS,20,E1-L-ENS_N20_2024-01-02_L,N20,1,limit,2024-01-02T00:00:00Z,2024-01-02T00:01:00Z,2024-01-02T00:31:00Z,43999.2,40906.1,inf,filled,2024-01-03T12:10:00Z,3130.5341099999987,,2024-01-03T11:55:00Z,43999.2,2024-01-03T12:09:00Z,40906.1,stop,1.7042838e+18,29.25289,8.18122,0.0,-3093.0999999999985,-3130.5341099999987,-1.0,1.0,1.0,1704153600000000000,1704153660000000000,1704155460000000000,1.7042829e+18,1.70428374e+18,1704283800000000000,-1.0,"{""atr20"": 1546.5699999999997, ""entry_mode"": ""E1"", ""exit_signal_time"": ""2024-01-13T00:01:00Z"", ""level"": 43999.2, ""m"": 10, ""n"": 20, ""valid_until"": ""2024-01-07T00:00:00Z""}"
E1-L-ENS,20,E1-L-ENS_N20_2024-01-09_L,N20,1,limit,2024-01-09T00:00:00Z,2024-01-09T00:01:00Z,2024-01-09T00:31:00Z,44979.8,41634.5,inf,filled,2024-01-12T22:22:00Z,3383.4401100000027,,2024-01-09T21:25:00Z,44979.8,2024-01-12T22:21:00Z,41634.5,stop,1.70509812e+18,29.81321,8.3269,41.38577000000001,-3345.300000000003,-3424.8258800000026,-1.0122318612579195,1.0,1.0,1704758400000000000,1704758460000000000,1704760260000000000,1.7048355e+18,1.70509806e+18,1705098120000000000,-1.0122318612579195,"{""atr20"": 1672.645, ""entry_mode"": ""E1"", ""exit_signal_time"": ""2024-01-13T00:01:00Z"", ""level"": 44979.8, ""m"": 10, ""n"": 20, ""valid_until"": ""2024-01-14T00:00:00Z""}"
E1-L-ENS,20,E1-L-ENS_N20_2024-02-08_L,N20,1,limit,2024-02-08T00:00:00Z,2024-02-08T00:01:00Z,2024-02-08T00:31:00Z,43287.7,40738.4,inf,expired,2024-02-13T00:00:00Z,2586.4744199999955,,,,,,,,0.0,0.0,0.0,0.0,0.0,,1.0,1.0,1707350400000000000,1707350460000000000,1707352260000000000,,,1707782400000000000,,"{""atr20"": 1274.6650000000002, ""entry_mode"": ""E1"", ""exit_signal_time"": ""2024-03-17T00:01:00Z"", ""level"": 43287.7, ""m"": 10, ""n"": 20, ""valid_until"": ""2024-02-13T00:00:00Z""}"
E1-L-ENS,55,E1-L-ENS_N55_2024-02-10_L,N55,1,limit,2024-02-10T00:00:00Z,2024-02-10T00:01:00Z,2024-02-10T00:31:00Z,46972.7,44547.2,inf,filled,2024-04-18T00:32:00Z,2466.07758,,2024-02-10T10:48:00Z,46972.7,2024-04-18T00:31:00Z,61039.8,trend,1.71340032e+18,39.91444,12.207960000000002,3178.7314004749996,14067.100000000006,10836.246199525005,4.394122183100584,1.0,1.0,1707523200000000000,1707523260000000000,1707525060000000000,1.70756208e+18,1.71340026e+18,1713400320000000000,4.394122183100584,"{""atr20"": 1212.7699999999998, ""entry_mode"": ""E1"", ""exit_signal_time"": ""2024-04-18T00:01:00Z"", ""level"": 46972.7, ""m"": 28, ""n"": 55, ""valid_until"": ""2024-02-15T00:00:00Z""}"
E1-L-ENS,100,E1-L-ENS_N100_2024-02-10_L,N100,1,limit,2024-02-10T00:00:00Z,2024-02-10T00:01:00Z,2024-02-10T00:31:00Z,46972.7,44547.2,inf,filled,2024-05-01T00:32:00Z,2466.07758,,2024-02-10T10:48:00Z,46972.7,2024-05-01T00:31:00Z,60396.0,trend,1.71452352e+18,39.59254,12.0792,3277.411296954,13423.300000000003,10094.216963046003,4.0932276603585205,1.0,1.0,1707523200000000000,1707523260000000000,1707525060000000000,1.70756208e+18,1.71452346e+18,1714523520000000000,4.0932276603585205,"{""atr20"": 1212.7699999999998, ""entry_mode"": ""E1"", ""exit_signal_time"": ""2024-05-01T00:01:00Z"", ""level"": 46972.7, ""m"": 50, ""n"": 100, ""valid_until"": ""2024-02-15T00:00:00Z""}"
E1-L-ENS,20,E1-L-ENS_N20_2024-02-13_L,N20,1,limit,2024-02-13T00:00:00Z,2024-02-13T00:01:00Z,2024-02-13T00:31:00Z,48303.4,45645.4,inf,filled,2024-03-17T00:32:00Z,2699.61246,,2024-02-13T17:12:00Z,48303.4,2024-03-17T00:31:00Z,66032.4,trend,1.71063552e+18,42.67688,13.206479999999999,1971.125107662,17728.999999999993,15701.991532337994,5.816387264836522,1.0,1.0,1707782400000000000,1707782460000000000,1707784260000000000,1.70784432e+18,1.71063546e+18,1710635520000000000,5.816387264836522,"{""atr20"": 1329.0149999999994, ""entry_mode"": ""E1"", ""exit_signal_time"": ""2024-03-17T00:01:00Z"", ""level"": 48303.4, ""m"": 10, ""n"": 20, ""valid_until"": ""2024-02-18T00:00:00Z""}"
E1-L-ENS,20,E1-L-ENS_N20_2024-04-09_L,N20,1,limit,2024-04-09T00:00:00Z,2024-04-09T00:01:00Z,2024-04-09T00:31:00Z,71363.0,64488.5,inf,filled,2024-04-13T19:55:00Z,6933.91455,,2024-04-09T00:50:00Z,71363.0,2024-04-13T19:54:00Z,64488.5,stop,1.7130381e+18,46.516850000000005,12.8977,144.22381775099998,-6874.5,-7078.138367751,-1.0207997685450276,1.0,1.0,1712620800000000000,1712620860000000000,1712622660000000000,1.7126238e+18,1.71303804e+18,1713038100000000000,-1.0207997685450276,"{""atr20"": 3437.245, ""entry_mode"": ""E1"", ""exit_signal_time"": ""2024-04-14T00:01:00Z"", ""level"": 71363.0, ""m"": 10, ""n"": 20, ""valid_until"": ""2024-04-14T00:00:00Z""}"
E1-L-ENS,20,E1-L-ENS_N20_2024-05-16_L,N20,1,limit,2024-05-16T00:00:00Z,2024-05-16T00:01:00Z,2024-05-16T00:31:00Z,64478.8,59354.8,inf,expired,2024-05-21T00:00:00Z,5178.44412,,,,,,,,0.0,0.0,0.0,0.0,0.0,,1.0,1.0,1715817600000000000,1715817660000000000,1715819460000000000,,,1716249600000000000,,"{""atr20"": 2562.015, ""entry_mode"": ""E1"", ""exit_signal_time"": ""2024-06-01T00:01:00Z"", ""level"": 64478.8, ""m"": 10, ""n"": 20, ""valid_until"": ""2024-05-21T00:00:00Z""}"
E1-L-ENS,20,E1-L-ENS_N20_2024-05-21_L,N20,1,limit,2024-05-21T00:00:00Z,2024-05-21T00:01:00Z,2024-05-21T00:31:00Z,66980.0,61584.5,inf,filled,2024-06-01T00:32:00Z,5452.00515,,2024-05-23T18:23:00Z,66980.0,2024-06-01T00:31:00Z,67632.1,trend,1.71720192e+18,47.212050000000005,13.526420000000002,177.39319497000002,652.1000000000058,413.9683350300058,0.07592955685854512,1.0,1.0,1716249600000000000,1716249660000000000,1716251460000000000,1.71648858e+18,1.71720186e+18,1717201920000000000,0.07592955685854512,"{""atr20"": 2697.7400000000007, ""entry_mode"": ""E1"", ""exit_signal_time"": ""2024-06-01T00:01:00Z"", ""level"": 66980.0, ""m"": 10, ""n"": 20, ""valid_until"": ""2024-05-26T00:00:00Z""}"
E1-L-ENS,20,E1-L-ENS_N20_2024-07-16_L,N20,1,limit,2024-07-16T00:00:00Z,2024-07-16T00:01:00Z,2024-07-16T00:31:00Z,62883.6,58110.7,inf,filled,2024-08-01T00:32:00Z,4826.1542100000015,,2024-07-16T06:55:00Z,62883.6,2024-08-01T00:31:00Z,64572.2,trend,1.72247232e+18,44.86282,12.91444,164.976937816,1688.5999999999985,1465.8458021839986,0.30372958227209196,1.0,1.0,1721088000000000000,1721088060000000000,1721089860000000000,1.7211129e+18,1.72247226e+18,1722472320000000000,0.30372958227209196,"{""atr20"": 2386.445, ""entry_mode"": ""E1"", ""exit_signal_time"": ""2024-08-01T00:01:00Z"", ""level"": 62883.6, ""m"": 10, ""n"": 20, ""valid_until"": ""2024-07-21T00:00:00Z""}"
E1-L-ENS,20,E1-L-ENS_N20_2024-08-24_L,N20,1,limit,2024-08-24T00:00:00Z,2024-08-24T00:01:00Z,2024-08-24T00:31:00Z,61659.8,55065.7,inf,filled,2024-09-01T00:32:00Z,6644.977950000006,,2024-08-27T15:05:00Z,61659.8,2024-09-01T00:31:00Z,58919.8,trend,1.72515072e+18,41.79186,11.78396,11.745284219000002,-2740.0,-2805.321104219,-0.4221716197296031,1.0,1.0,1724457600000000000,1724457660000000000,1724459460000000000,1.7247711e+18,1.72515066e+18,1725150720000000000,-0.4221716197296031,"{""atr20"": 3297.059999999999, ""entry_mode"": ""E1"", ""exit_signal_time"": ""2024-09-01T00:01:00Z"", ""level"": 61659.8, ""m"": 10, ""n"": 20, ""valid_until"": ""2024-08-29T00:00:00Z""}"
E1-L-ENS,20,E1-L-ENS_N20_2024-09-19_L,N20,1,limit,2024-09-19T00:00:00Z,2024-09-19T00:01:00Z,2024-09-19T00:31:00Z,60456.2,55882.1,inf,expired,2024-09-24T00:00:00Z,4625.308709999998,,,,,,,,0.0,0.0,0.0,0.0,0.0,,1.0,1.0,1726704000000000000,1726704060000000000,1726705860000000000,,,1727136000000000000,,"{""atr20"": 2287.0499999999997, ""entry_mode"": ""E1"", ""exit_signal_time"": ""2024-10-02T00:01:00Z"", ""level"": 60456.2, ""m"": 10, ""n"": 20, ""valid_until"": ""2024-09-24T00:00:00Z""}"
E1-L-ENS,20,E1-L-ENS_N20_2024-09-25_L,N20,1,limit,2024-09-25T00:00:00Z,2024-09-25T00:01:00Z,2024-09-25T00:31:00Z,63558.4,59076.4,inf,filled,2024-10-02T00:32:00Z,4536.06516,,2024-09-25T10:02:00Z,63558.4,2024-10-02T00:31:00Z,60970.5,trend,1.72782912e+18,43.19693,12.1941,78.59442556500001,-2587.9000000000015,-2721.885455565002,-0.6000543112932271,1.0,1.0,1727222400000000000,1727222460000000000,1727224260000000000,1.72725852e+18,1.72782906e+18,1727829120000000000,-0.6000543112932271,"{""atr20"": 2241.0049999999997, ""entry_mode"": ""E1"", ""exit_signal_time"": ""2024-10-02T00:01:00Z"", ""level"": 63558.4, ""m"": 10, ""n"": 20, ""valid_until"": ""2024-09-30T00:00:00Z""}"
E1-L-ENS,55,E1-L-ENS_N55_2024-09-27_L,N55,1,limit,2024-09-27T00:00:00Z,2024-09-27T00:01:00Z,2024-09-27T00:31:00Z,64243.1,59940.7,inf,filled,2024-10-02T19:46:00Z,4357.207110000001,,2024-09-30T03:08:00Z,64243.1,2024-10-02T19:45:00Z,59940.7,stop,1.72789836e+18,42.81897,11.98814,44.755379928,-4302.4000000000015,-4401.9624899280025,-1.0102715750704816,1.0,1.0,1727395200000000000,1727395260000000000,1727397060000000000,1.72766568e+18,1.7278983e+18,1727898360000000000,-1.0102715750704816,"{""atr20"": 2151.2, ""entry_mode"": ""E1"", ""exit_signal_time"": ""2024-12-28T00:01:00Z"", ""level"": 64243.1, ""m"": 28, ""n"": 55, ""valid_until"": ""2024-10-02T00:00:00Z""}"
E1-L-ENS,20,E1-L-ENS_N20_2024-10-15_L,N20,1,limit,2024-10-15T00:00:00Z,2024-10-15T00:01:00Z,2024-10-15T00:31:00Z,65822.6,61936.3,inf,filled,2024-12-22T00:32:00Z,3942.819930000003,,2024-10-15T01:20:00Z,65822.6,2024-12-22T00:31:00Z,97244.0,trend,1.73482752e+18,61.78652,19.448800000000002,2409.920851205,31421.399999999994,28930.243828794995,7.337449932387599,1.0,1.0,1728950400000000000,1728950460000000000,1728952260000000000,1.7289552e+18,1.73482746e+18,1734827520000000000,7.337449932387599,"{""atr20"": 1943.1499999999996, ""entry_mode"": ""E1"", ""exit_signal_time"": ""2024-12-22T00:01:00Z"", ""level"": 65822.6, ""m"": 10, ""n"": 20, ""valid_until"": ""2024-10-20T00:00:00Z""}"
E1-L-ENS,55,E1-L-ENS_N55_2024-10-15_L,N55,1,limit,2024-10-15T00:00:00Z,2024-10-15T00:01:00Z,2024-10-15T00:31:00Z,65822.6,61936.3,inf,filled,2024-12-28T00:32:00Z,3942.819930000003,,2024-10-15T01:20:00Z,65822.6,2024-12-28T00:31:00Z,94432.6,trend,1.73534592e+18,60.38082000000001,18.88652,2577.6404864940005,28610.0,25953.092173506,6.5823681107105445,1.0,1.0,1728950400000000000,1728950460000000000,1728952260000000000,1.7289552e+18,1.73534586e+18,1735345920000000000,6.5823681107105445,"{""atr20"": 1943.1499999999996, ""entry_mode"": ""E1"", ""exit_signal_time"": ""2024-12-28T00:01:00Z"", ""level"": 65822.6, ""m"": 28, ""n"": 55, ""valid_until"": ""2024-10-20T00:00:00Z""}"
E1-L-ENS,100,E1-L-ENS_N100_2024-10-19_L,N100,1,limit,2024-10-19T00:00:00Z,2024-10-19T00:01:00Z,2024-10-19T00:31:00Z,68215.5,64169.1,inf,filled,2025-02-25T00:32:00Z,4104.961470000001,,2024-10-19T11:02:00Z,68215.5,2025-02-25T00:31:00Z,91833.1,trend,1.74044352e+18,59.559650000000005,18.36662,3618.1176238370003,23617.600000000006,19921.556106163007,4.853043384634497,1.0,1.0,1729296000000000000,1729296060000000000,1729297860000000000,1.72933572e+18,1.74044346e+18,1740443520000000000,4.853043384634497,"{""atr20"": 2023.2149999999995, ""entry_mode"": ""E1"", ""exit_signal_time"": ""2025-02-25T00:01:00Z"", ""level"": 68215.5, ""m"": 50, ""n"": 100, ""valid_until"": ""2024-10-24T00:00:00Z""}"
E1-L-ENS,20,E1-L-ENS_N20_2025-01-18_L,N20,1,limit,2025-01-18T00:00:00Z,2025-01-18T00:01:00Z,2025-01-18T00:31:00Z,102180.4,95368.2,inf,filled,2025-01-29T00:32:00Z,6899.3938199999975,,2025-01-19T22:48:00Z,102180.4,2025-01-29T00:31:00Z,101466.4,trend,1.73811072e+18,71.16928,20.29328,238.82266012300002,-714.0,-1044.285220123,-0.15135898129134487,1.0,1.0,1737158400000000000,1737158460000000000,1737160260000000000,1.73732688e+18,1.73811066e+18,1738110720000000000,-0.15135898129134487,"{""atr20"": 3406.0999999999985, ""entry_mode"": ""E1"", ""exit_signal_time"": ""2025-01-29T00:01:00Z"", ""level"": 102180.4, ""m"": 10, ""n"": 20, ""valid_until"": ""2025-01-23T00:00:00Z""}"
E1-L-ENS,55,E1-L-ENS_N55_2025-01-22_L,N55,1,limit,2025-01-22T00:00:00Z,2025-01-22T00:01:00Z,2025-01-22T00:31:00Z,106074.6,97838.8,inf,filled,2025-01-27T07:30:00Z,8325.502080000002,,2025-01-22T00:31:00Z,106074.6,2025-01-27T07:29:00Z,97838.8,stop,1.737963e+18,70.13432,19.56776,128.009113893,-8235.800000000003,-8453.511193893002,-1.0153755428396938,1.0,1.0,1737504000000000000,1737504060000000000,1737505860000000000,1.73750586e+18,1.73796294e+18,1737963000000000000,-1.0153755428396938,"{""atr20"": 4117.909999999998, ""entry_mode"": ""E1"", ""exit_signal_time"": ""2025-02-12T00:01:00Z"", ""level"": 106074.6, ""m"": 28, ""marketable_edge_r"": -0.015585651021783234, ""marketable_open"": 105913.1, ""n"": 55, ""valid_until"": ""2025-01-27T00:00:00Z""}"
E1-L-ENS,20,E1-L-ENS_N20_2025-04-22_L,N20,1,limit,2025-04-22T00:00:00Z,2025-04-22T00:01:00Z,2025-04-22T00:31:00Z,85237.8,77966.9,inf,expired,2025-04-27T00:00:00Z,7342.524390000009,,,,,,,,0.0,0.0,0.0,0.0,0.0,,1.0,1.0,1745280000000000000,1745280060000000000,1745281860000000000,,,1745712000000000000,,"{""atr20"": 3635.4549999999995, ""entry_mode"": ""E1"", ""exit_signal_time"": ""2025-05-31T00:01:00Z"", ""level"": 85237.8, ""m"": 10, ""n"": 20, ""valid_until"": ""2025-04-27T00:00:00Z""}"
E1-L-ENS,55,E1-L-ENS_N55_2025-04-26_L,N55,1,limit,2025-04-26T00:00:00Z,2025-04-26T00:01:00Z,2025-04-26T00:31:00Z,94222.8,86889.9,inf,filled,2025-06-06T00:32:00Z,7412.567490000009,,2025-04-26T08:45:00Z,94222.8,2025-06-06T00:31:00Z,101545.9,trend,1.74916992e+18,69.61751000000001,20.30918,489.29691693700005,7323.099999999991,6743.876393062991,0.909789543523331,1.0,1.0,1745625600000000000,1745625660000000000,1745627460000000000,1.7456571e+18,1.74916986e+18,1749169920000000000,0.909789543523331,"{""atr20"": 3666.4700000000003, ""entry_mode"": ""E1"", ""exit_signal_time"": ""2025-06-06T00:01:00Z"", ""level"": 94222.8, ""m"": 28, ""n"": 55, ""valid_until"": ""2025-05-01T00:00:00Z""}"
E1-L-ENS,20,E1-L-ENS_N20_2025-04-29_L,N20,1,limit,2025-04-29T00:00:00Z,2025-04-29T00:01:00Z,2025-04-29T00:31:00Z,94591.8,88188.3,inf,filled,2025-05-31T00:32:00Z,6484.15017,,2025-04-29T02:04:00Z,94591.8,2025-05-31T00:31:00Z,103890.3,trend,1.74865152e+18,70.86351,20.77806,440.814051133,9298.5,8766.044378867,1.351918778720543,1.0,1.0,1745884800000000000,1745884860000000000,1745886660000000000,1.74589224e+18,1.74865146e+18,1748651520000000000,1.351918778720543,"{""atr20"": 3201.755000000001, ""entry_mode"": ""E1"", ""exit_signal_time"": ""2025-05-31T00:01:00Z"", ""level"": 94591.8, ""m"": 10, ""n"": 20, ""valid_until"": ""2025-05-04T00:00:00Z""}"
E1-L-ENS,100,E1-L-ENS_N100_2025-05-11_L,N100,1,limit,2025-05-11T00:00:00Z,2025-05-11T00:01:00Z,2025-05-11T00:31:00Z,104676.9,99150.8,inf,filled,2025-06-22T14:44:00Z,5616.440939999991,,2025-05-11T00:31:00Z,104676.9,2025-06-22T14:43:00Z,99150.8,stop,1.75060344e+18,70.51078,19.830160000000003,594.387333484,-5526.099999999991,-6210.828273483991,-1.1058298911773121,1.0,1.0,1746921600000000000,1746921660000000000,1746923460000000000,1.74692346e+18,1.75060338e+18,1750603440000000000,-1.1058298911773121,"{""atr20"": 2763.0750000000007, ""entry_mode"": ""E1"", ""exit_signal_time"": ""2025-08-30T00:01:00Z"", ""level"": 104676.9, ""m"": 50, ""marketable_edge_r"": -0.08499175636306051, ""marketable_open"": 104168.4, ""n"": 100, ""valid_until"": ""2025-05-16T00:00:00Z""}"
E1-L-ENS,20,E1-L-ENS_N20_2025-07-03_L,N20,1,limit,2025-07-03T00:00:00Z,2025-07-03T00:01:00Z,2025-07-03T00:31:00Z,108309.8,102811.2,inf,filled,2025-08-01T00:32:00Z,5592.2298000000055,,2025-07-04T13:34:00Z,108309.8,2025-08-01T00:31:00Z,115722.5,trend,1.75400832e+18,79.52321,23.1445,806.575528333,7412.699999999997,6503.4567616669965,1.1629451925718415,1.0,1.0,1751500800000000000,1751500860000000000,1751502660000000000,1.75163604e+18,1.75400826e+18,1754008320000000000,1.1629451925718415,"{""atr20"": 2749.304999999999, ""entry_mode"": ""E1"", ""exit_signal_time"": ""2025-08-01T00:01:00Z"", ""level"": 108309.8, ""m"": 10, ""n"": 20, ""valid_until"": ""2025-07-08T00:00:00Z""}"
E1-L-ENS,55,E1-L-ENS_N55_2025-07-11_L,N55,1,limit,2025-07-11T00:00:00Z,2025-07-11T00:01:00Z,2025-07-11T00:31:00Z,111662.7,106420.1,inf,expired,2025-07-16T00:00:00Z,5339.426609999991,,,,,,,,0.0,0.0,0.0,0.0,0.0,,1.0,1.0,1752192000000000000,1752192060000000000,1752193860000000000,,,1752624000000000000,,"{""atr20"": 2621.3149999999987, ""entry_mode"": ""E1"", ""exit_signal_time"": ""2025-08-22T00:01:00Z"", ""level"": 111662.7, ""m"": 28, ""n"": 55, ""valid_until"": ""2025-07-16T00:00:00Z""}"
E1-L-ENS,100,E1-L-ENS_N100_2025-07-11_L,N100,1,limit,2025-07-11T00:00:00Z,2025-07-11T00:01:00Z,2025-07-11T00:31:00Z,111662.7,106420.1,inf,expired,2025-07-16T00:00:00Z,5339.426609999991,,,,,,,,0.0,0.0,0.0,0.0,0.0,,1.0,1.0,1752192000000000000,1752192060000000000,1752193860000000000,,,1752624000000000000,,"{""atr20"": 2621.3149999999987, ""entry_mode"": ""E1"", ""exit_signal_time"": ""2025-08-30T00:01:00Z"", ""level"": 111662.7, ""m"": 50, ""n"": 100, ""valid_until"": ""2025-07-16T00:00:00Z""}"
E1-L-ENS,55,E1-L-ENS_N55_2025-07-23_L,N55,1,limit,2025-07-23T00:00:00Z,2025-07-23T00:01:00Z,2025-07-23T00:31:00Z,119816.5,113768.4,inf,filled,2025-08-01T18:18:00Z,6151.7011800000055,,2025-07-23T00:31:00Z,119816.5,2025-08-01T18:17:00Z,113768.4,stop,1.75407228e+18,80.8475,22.75368,308.54162644200005,-6048.100000000006,-6460.2428064420055,-1.050155496408881,1.0,1.0,1753228800000000000,1753228860000000000,1753230660000000000,1.75323066e+18,1.75407222e+18,1754072280000000000,-1.050155496408881,"{""atr20"": 3024.075, ""entry_mode"": ""E1"", ""exit_signal_time"": ""2025-08-22T00:01:00Z"", ""level"": 119816.5, ""m"": 28, ""marketable_edge_r"": 0.00047603905233773906, ""marketable_open"": 119783.5, ""n"": 55, ""valid_until"": ""2025-07-28T00:00:00Z""}"
E1-L-ENS,100,E1-L-ENS_N100_2025-07-23_L,N100,1,limit,2025-07-23T00:00:00Z,2025-07-23T00:01:00Z,2025-07-23T00:31:00Z,119816.5,113768.4,inf,filled,2025-08-01T18:18:00Z,6151.7011800000055,,2025-07-23T00:31:00Z,119816.5,2025-08-01T18:17:00Z,113768.4,stop,1.75407228e+18,80.8475,22.75368,308.54162644200005,-6048.100000000006,-6460.2428064420055,-1.050155496408881,1.0,1.0,1753228800000000000,1753228860000000000,1753230660000000000,1.75323066e+18,1.75407222e+18,1754072280000000000,-1.050155496408881,"{""atr20"": 3024.075, ""entry_mode"": ""E1"", ""exit_signal_time"": ""2025-08-30T00:01:00Z"", ""level"": 119816.5, ""m"": 50, ""marketable_edge_r"": 0.00047603905233773906, ""marketable_open"": 119783.5, ""n"": 100, ""valid_until"": ""2025-07-28T00:00:00Z""}"
E1-L-ENS,55,E1-L-ENS_N55_2025-08-13_L,N55,1,limit,2025-08-13T00:00:00Z,2025-08-13T00:01:00Z,2025-08-13T00:31:00Z,119993.7,114757.2,inf,filled,2025-08-18T09:20:00Z,5340.82878,,2025-08-13T00:31:00Z,119993.7,2025-08-18T09:19:00Z,114757.2,stop,1.7555088e+18,81.37734,22.95144,127.140402252,-5236.5,-5467.969182252,-1.0238053694453018,1.0,1.0,1755043200000000000,1755043260000000000,1755045060000000000,1.75504506e+18,1.75550874e+18,1755508800000000000,-1.0238053694453018,"{""atr20"": 2618.2300000000005, ""entry_mode"": ""E1"", ""exit_signal_time"": ""2025-08-22T00:01:00Z"", ""level"": 119993.7, ""m"": 28, ""marketable_edge_r"": -0.008845722629586616, ""marketable_open"": 119910.5, ""n"": 55, ""valid_until"": ""2025-08-18T00:00:00Z""}"
E1-L-ENS,100,E1-L-ENS_N100_2025-08-13_L,N100,1,limit,2025-08-13T00:00:00Z,2025-08-13T00:01:00Z,2025-08-13T00:31:00Z,119993.7,114757.2,inf,filled,2025-08-18T09:20:00Z,5340.82878,,2025-08-13T00:31:00Z,119993.7,2025-08-18T09:19:00Z,114757.2,stop,1.7555088e+18,81.37734,22.95144,127.140402252,-5236.5,-5467.969182252,-1.0238053694453018,1.0,1.0,1755043200000000000,1755043260000000000,1755045060000000000,1.75504506e+18,1.75550874e+18,1755508800000000000,-1.0238053694453018,"{""atr20"": 2618.2300000000005, ""entry_mode"": ""E1"", ""exit_signal_time"": ""2025-08-30T00:01:00Z"", ""level"": 119993.7, ""m"": 50, ""marketable_edge_r"": -0.008845722629586616, ""marketable_open"": 119910.5, ""n"": 100, ""valid_until"": ""2025-08-18T00:00:00Z""}"
E1-L-ENS,20,E1-L-ENS_N20_2025-08-13_L,N20,1,limit,2025-08-13T00:00:00Z,2025-08-13T00:01:00Z,2025-08-13T00:31:00Z,119423.4,114186.9,inf,filled,2025-08-19T00:32:00Z,5340.31551,,2025-08-13T01:14:00Z,119423.4,2025-08-19T00:31:00Z,115795.5,trend,1.75556352e+18,81.78243,23.159100000000002,141.581050008,-3627.899999999994,-3874.4225800079944,-0.7255044337273612,1.0,1.0,1755043200000000000,1755043260000000000,1755045060000000000,1.75504764e+18,1.75556346e+18,1755563520000000000,-0.7255044337273612,"{""atr20"": 2618.2300000000005, ""entry_mode"": ""E1"", ""exit_signal_time"": ""2025-08-19T00:01:00Z"", ""level"": 119423.4, ""m"": 10, ""n"": 20, ""valid_until"": ""2025-08-18T00:00:00Z""}"
E1-L-ENS,20,E1-L-ENS_N20_2025-09-13_L,N20,1,limit,2025-09-13T00:00:00Z,2025-09-13T00:01:00Z,2025-09-13T00:31:00Z,115427.0,109800.8,inf,filled,2025-09-22T00:32:00Z,5726.145959999997,,2025-09-13T16:24:00Z,115427.0,2025-09-22T00:31:00Z,115089.6,trend,1.75850112e+18,80.6302,23.017920000000004,128.17638228500002,-337.3999999999942,-569.2245022849942,-0.09940796239937175,1.0,1.0,1757721600000000000,1757721660000000000,1757723460000000000,1.75778064e+18,1.75850106e+18,1758501120000000000,-0.09940796239937175,"{""atr20"": 2813.1200000000013, ""entry_mode"": ""E1"", ""exit_signal_time"": ""2025-09-22T00:01:00Z"", ""level"": 115427.0, ""m"": 10, ""n"": 20, ""valid_until"": ""2025-09-18T00:00:00Z""}"
E1-L-ENS,20,E1-L-ENS_N20_2025-10-02_L,N20,1,limit,2025-10-02T00:00:00Z,2025-10-02T00:01:00Z,2025-10-02T00:31:00Z,117017.1,112678.3,inf,expired,2025-10-07T00:00:00Z,4441.078230000003,,,,,,,,0.0,0.0,0.0,0.0,0.0,,1.0,1.0,1759363200000000000,1759363260000000000,1759365060000000000,,,1759795200000000000,,"{""atr20"": 2169.4199999999996, ""entry_mode"": ""E1"", ""exit_signal_time"": ""2025-10-11T00:01:00Z"", ""level"": 117017.1, ""m"": 10, ""n"": 20, ""valid_until"": ""2025-10-07T00:00:00Z""}"
E1-L-ENS,55,E1-L-ENS_N55_2025-10-06_L,N55,1,limit,2025-10-06T00:00:00Z,2025-10-06T00:01:00Z,2025-10-06T00:31:00Z,123323.9,118259.4,inf,filled,2025-10-10T16:57:00Z,5171.94636,,2025-10-06T00:52:00Z,123323.9,2025-10-10T16:56:00Z,118259.4,stop,1.76011542e+18,83.79448,23.65188,88.52136016899999,-5064.5,-5260.467720169,-1.0171156763831943,1.0,1.0,1759708800000000000,1759708860000000000,1759710660000000000,1.75971192e+18,1.76011536e+18,1760115420000000000,-1.0171156763831943,"{""atr20"": 2532.250000000001, ""entry_mode"": ""E1"", ""exit_signal_time"": ""2025-10-17T00:01:00Z"", ""level"": 123323.9, ""m"": 28, ""n"": 55, ""valid_until"": ""2025-10-11T00:00:00Z""}"
E1-L-ENS,100,E1-L-ENS_N100_2025-10-06_L,N100,1,limit,2025-10-06T00:00:00Z,2025-10-06T00:01:00Z,2025-10-06T00:31:00Z,123323.9,118259.4,inf,filled,2025-10-10T16:57:00Z,5171.94636,,2025-10-06T00:52:00Z,123323.9,2025-10-10T16:56:00Z,118259.4,stop,1.76011542e+18,83.79448,23.65188,88.52136016899999,-5064.5,-5260.467720169,-1.0171156763831943,1.0,1.0,1759708800000000000,1759708860000000000,1759710660000000000,1.75971192e+18,1.76011536e+18,1760115420000000000,-1.0171156763831943,"{""atr20"": 2532.250000000001, ""entry_mode"": ""E1"", ""exit_signal_time"": ""2025-10-17T00:01:00Z"", ""level"": 123323.9, ""m"": 50, ""n"": 100, ""valid_until"": ""2025-10-11T00:00:00Z""}"
E1-L-ENS,20,E1-L-ENS_N20_2025-10-07_L,N20,1,limit,2025-10-07T00:00:00Z,2025-10-07T00:01:00Z,2025-10-07T00:31:00Z,123426.7,118225.4,inf,filled,2025-10-10T16:58:00Z,5308.743120000003,,2025-10-07T08:19:00Z,123426.7,2025-10-10T16:57:00Z,118225.4,stop,1.76011548e+18,83.79804,23.64508,46.157957087,-5201.300000000003,-5354.901077087003,-1.0086947053273505,1.0,1.0,1759795200000000000,1759795260000000000,1759797060000000000,1.75982514e+18,1.76011542e+18,1760115480000000000,-1.0086947053273505,"{""atr20"": 2600.640000000001, ""entry_mode"": ""E1"", ""exit_signal_time"": ""2025-10-11T00:01:00Z"", ""level"": 123426.7, ""m"": 10, ""n"": 20, ""valid_until"": ""2025-10-12T00:00:00Z""}"
E1-L-ENS,20,E1-L-ENS_N20_2026-01-04_L,N20,1,limit,2026-01-04T00:00:00Z,2026-01-04T00:01:00Z,2026-01-04T00:31:00Z,89951.4,84691.6,inf,filled,2026-01-21T00:32:00Z,5337.074399999989,,2026-01-08T06:59:00Z,89951.4,2026-01-21T00:31:00Z,88506.9,trend,1.76895552e+18,62.24373,17.70138,159.69094734499998,-1444.5,-1684.136057345,-0.31555416528295044,1.0,1.0,1767484800000000000,1767484860000000000,1767486660000000000,1.76785554e+18,1.76895546e+18,1768955520000000000,-0.31555416528295044,"{""atr20"": 2629.899999999999, ""entry_mode"": ""E1"", ""exit_signal_time"": ""2026-01-21T00:01:00Z"", ""level"": 89951.4, ""m"": 10, ""n"": 20, ""valid_until"": ""2026-01-09T00:00:00Z""}"
E1-L-ENS,55,E1-L-ENS_N55_2026-01-14_L,N55,1,limit,2026-01-14T00:00:00Z,2026-01-14T00:01:00Z,2026-01-14T00:31:00Z,93822.4,89736.8,inf,filled,2026-01-20T17:36:00Z,4167.1802399999915,,2026-01-18T23:46:00Z,93822.4,2026-01-20T17:35:00Z,89736.8,stop,1.76893056e+18,63.63288,17.94736,27.627102016,-4085.5999999999913,-4194.807342015992,-1.0066296873244918,1.0,1.0,1768348800000000000,1768348860000000000,1768350660000000000,1.76877996e+18,1.7689305e+18,1768930560000000000,-1.0066296873244918,"{""atr20"": 2042.7949999999996, ""entry_mode"": ""E1"", ""exit_signal_time"": ""2026-01-26T00:01:00Z"", ""level"": 93822.4, ""m"": 28, ""n"": 55, ""valid_until"": ""2026-01-19T00:00:00Z""}"
E1-L-ENS,20,E1-L-ENS_N20_2026-03-05_L,N20,1,limit,2026-03-05T00:00:00Z,2026-03-05T00:01:00Z,2026-03-05T00:31:00Z,69795.4,63813.3,inf,filled,2026-03-22T00:32:00Z,6040.728389999991,,2026-03-06T12:09:00Z,69795.4,2026-03-22T00:31:00Z,68943.8,trend,1.77413952e+18,48.430980000000005,13.788760000000002,-57.999147642000004,-851.5999999999913,-855.8205923579912,-0.14167506583721645,1.0,1.0,1772668800000000000,1772668860000000000,1772670660000000000,1.77279894e+18,1.77413946e+18,1774139520000000000,-0.14167506583721645,"{""atr20"": 2991.0549999999994, ""entry_mode"": ""E1"", ""exit_signal_time"": ""2026-03-22T00:01:00Z"", ""level"": 69795.4, ""m"": 10, ""n"": 20, ""valid_until"": ""2026-03-10T00:00:00Z""}"
E1-L-ENS,20,E1-L-ENS_N20_2026-04-08_L,N20,1,limit,2026-04-08T00:00:00Z,2026-04-08T00:01:00Z,2026-04-08T00:31:00Z,71297.5,66378.7,inf,filled,2026-05-16T00:32:00Z,4979.524590000003,,2026-04-08T02:33:00Z,71297.5,2026-05-16T00:31:00Z,79142.7,trend,1.77889152e+18,53.830850000000005,15.82854,-172.15252570099997,7845.199999999997,7947.693135700996,1.5960746838486828,1.0,1.0,1775606400000000000,1775606460000000000,1775608260000000000,1.77561558e+18,1.77889146e+18,1778891520000000000,1.5960746838486828,"{""atr20"": 2459.3949999999995, ""entry_mode"": ""E1"", ""exit_signal_time"": ""2026-05-16T00:01:00Z"", ""level"": 71297.5, ""m"": 10, ""n"": 20, ""valid_until"": ""2026-04-13T00:00:00Z""}"
E1-L-ENS,55,E1-L-ENS_N55_2026-04-17_L,N55,1,limit,2026-04-17T00:00:00Z,2026-04-17T00:01:00Z,2026-04-17T00:31:00Z,74846.4,70039.9,inf,filled,2026-05-23T00:32:00Z,4870.4972099999995,,2026-04-17T01:11:00Z,74846.4,2026-05-23T00:31:00Z,75408.5,trend,1.77949632e+18,52.67353,15.081700000000001,-67.333127791,562.1000000000058,561.6778977910058,0.11532249656929909,1.0,1.0,1776384000000000000,1776384060000000000,1776385860000000000,1.77638826e+18,1.77949626e+18,1779496320000000000,0.11532249656929909,"{""atr20"": 2403.234999999999, ""entry_mode"": ""E1"", ""exit_signal_time"": ""2026-05-23T00:01:00Z"", ""level"": 74846.4, ""m"": 28, ""n"": 55, ""valid_until"": ""2026-04-22T00:00:00Z""}"
E1-L-ENS,20,E1-L-ENS_N20_2026-07-15_L,N20,1,limit,2026-07-15T00:00:00Z,2026-07-15T00:01:00Z,2026-07-15T00:31:00Z,64129.5,59841.5,inf,filled,2026-07-28T00:32:00Z,4342.71495,,2026-07-16T07:50:00Z,64129.5,2026-07-28T00:31:00Z,63600.0,trend,1.78519872e+18,44.6259,12.72,113.36662443799999,-529.5,-700.2125244380001,-0.16123842630702714,1.0,1.0,1784073600000000000,1784073660000000000,1784075460000000000,1.7841882e+18,1.78519866e+18,1785198720000000000,-0.16123842630702714,"{""atr20"": 2144.0199999999995, ""entry_mode"": ""E1"", ""exit_signal_time"": ""2026-07-28T00:01:00Z"", ""level"": 64129.5, ""m"": 10, ""n"": 20, ""valid_until"": ""2026-07-20T00:00:00Z""}"
E1-L-ENS,20,E1-L-ENS_N20_2026-08-20_L,N20,1,limit,2026-08-20T00:00:00Z,2026-08-20T00:01:00Z,2026-08-20T00:31:00Z,64928.5,62515.2,inf,expired,2026-08-25T00:00:00Z,2470.046340000003,,,,,,,,0.0,0.0,0.0,0.0,0.0,,1.0,1.0,1787184000000000000,1787184060000000000,1787185860000000000,,,1787616000000000000,,"{""atr20"": 1206.645, ""entry_mode"": ""E1"", ""exit_signal_time"": ""2026-09-03T00:01:00Z"", ""level"": 64928.5, ""m"": 10, ""n"": 20, ""valid_until"": ""2026-08-25T00:00:00Z""}"
E1-L-ENS,55,E1-L-ENS_N55_2026-08-20_L,N55,1,limit,2026-08-20T00:00:00Z,2026-08-20T00:01:00Z,2026-08-20T00:31:00Z,66522.4,64109.1,inf,expired,2026-08-25T00:00:00Z,2471.480849999996,,,,,,,,0.0,0.0,0.0,0.0,0.0,,1.0,1.0,1787184000000000000,1787184060000000000,1787185860000000000,,,1787616000000000000,,"{""atr20"": 1206.645, ""entry_mode"": ""E1"", ""exit_signal_time"": """", ""level"": 66522.4, ""m"": 28, ""n"": 55, ""valid_until"": ""2026-08-25T00:00:00Z""}"
E1-L-ENS,20,E1-L-ENS_N20_2026-08-25_L,N20,1,limit,2026-08-25T00:00:00Z,2026-08-25T00:01:00Z,2026-08-25T00:31:00Z,78309.1,74501.4,inf,filled,2026-09-03T00:32:00Z,3875.512800000012,,2026-08-25T13:51:00Z,78309.1,2026-09-03T00:31:00Z,76993.6,trend,1.78839552e+18,54.15862,15.398720000000003,177.637989073,-1315.5,-1562.6953290729998,-0.40322285326292695,1.0,1.0,1787616000000000000,1787616060000000000,1787617860000000000,1.78766586e+18,1.78839546e+18,1788395520000000000,-0.40322285326292695,"{""atr20"": 1903.8600000000001, ""entry_mode"": ""E1"", ""exit_signal_time"": ""2026-09-03T00:01:00Z"", ""level"": 78309.1, ""m"": 10, ""n"": 20, ""valid_until"": ""2026-08-30T00:00:00Z""}"
E1-L-ENS,55,E1-L-ENS_N55_2026-08-25_L,N55,1,limit,2026-08-25T00:00:00Z,2026-08-25T00:01:00Z,2026-08-25T00:31:00Z,78309.1,74501.4,inf,filled,2026-09-29T00:00:00Z,3875.512800000012,,2026-08-25T13:51:00Z,78309.1,2026-09-28T23:59:00Z,83461.0,eod,1.79064e+18,57.39232,16.6922,796.108509073,5151.899999999994,4281.706970926994,1.1048104320354666,1.0,1.0,1787616000000000000,1787616060000000000,1787617860000000000,1.78766586e+18,1.79063994e+18,1790640000000000000,1.1048104320354666,"{""atr20"": 1903.8600000000001, ""entry_mode"": ""E1"", ""exit_signal_time"": """", ""level"": 78309.1, ""m"": 28, ""n"": 55, ""valid_until"": ""2026-08-30T00:00:00Z""}"
E1-L-ENS,100,E1-L-ENS_N100_2026-08-25_L,N100,1,limit,2026-08-25T00:00:00Z,2026-08-25T00:01:00Z,2026-08-25T00:31:00Z,78309.1,74501.4,inf,filled,2026-09-29T00:00:00Z,3875.512800000012,,2026-08-25T13:51:00Z,78309.1,2026-09-28T23:59:00Z,83461.0,eod,1.79064e+18,57.39232,16.6922,796.108509073,5151.899999999994,4281.706970926994,1.1048104320354666,1.0,1.0,1787616000000000000,1787616060000000000,1787617860000000000,1.78766586e+18,1.79063994e+18,1790640000000000000,1.1048104320354666,"{""atr20"": 1903.8600000000001, ""entry_mode"": ""E1"", ""exit_signal_time"": """", ""level"": 78309.1, ""m"": 50, ""n"": 100, ""valid_until"": ""2026-08-30T00:00:00Z""}"
E1-L-ENS,20,E1-L-ENS_N20_2026-09-04_L,N20,1,limit,2026-09-04T00:00:00Z,2026-09-04T00:01:00Z,2026-09-04T00:31:00Z,80208.9,74978.4,inf,filled,2026-09-11T00:32:00Z,5299.0266599999995,,2026-09-04T12:30:00Z,80208.9,2026-09-11T00:31:00Z,76750.4,trend,1.78908672e+18,54.416979999999995,15.35008,157.88428,-3458.5,-3686.1513400000003,-0.6956280042569177,1.0,1.0,1788480000000000000,1788480060000000000,1788481860000000000,1.788525e+18,1.78908666e+18,1789086720000000000,-0.6956280042569177,"{""atr20"": 2615.2450000000003, ""entry_mode"": ""E1"", ""exit_signal_time"": ""2026-09-11T00:01:00Z"", ""level"": 80208.9, ""m"": 10, ""n"": 20, ""valid_until"": ""2026-09-09T00:00:00Z""}"
E1-L-ENS,20,E1-L-ENS_N20_2026-09-22_L,N20,1,limit,2026-09-22T00:00:00Z,2026-09-22T00:01:00Z,2026-09-22T00:31:00Z,81230.7,76759.3,inf,expired,2026-09-27T00:00:00Z,4541.377649999994,,,,,,,,0.0,0.0,0.0,0.0,0.0,,1.0,1.0,1790035200000000000,1790035260000000000,1790037060000000000,,,1790467200000000000,,"{""atr20"": 2235.6799999999994, ""entry_mode"": ""E1"", ""exit_signal_time"": """", ""level"": 81230.7, ""m"": 10, ""n"": 20, ""valid_until"": ""2026-09-27T00:00:00Z""}"
