combo,mode,n_candidates,reason,reason_ko,first_count,any_count,first_share
L1a-DA-P1,all,521,PASSED,통과(실행한 계획),5,5,0.009596928982725527
L1a-DA-P1,all,521,WARMUP,지표 준비 전(워밍업),0,0,0.0
L1a-DA-P1,all,521,SC_CLOSE_VS_WAIST,시나리오 조건: 종가와 허리 위치,63,63,0.12092130518234165
L1a-DA-P1,all,521,SC_SLOPE60,시나리오 조건: 기울기 60 하락(L1a),15,30,0.028790786948176585
L1a-DA-P1,all,521,SC_UNHEALTHY,시나리오 조건: 건강하지 않은 조정(거래량),85,125,0.16314779270633398
L1a-DA-P1,all,521,SC_NO_TARGET,시나리오 조건: 목표(아래 스윙 저점) 없음(S3),0,0,0.0
L1a-DA-P1,all,521,SC_BAD_GEOMETRY,가격 순서 이상(손절·진입·목표),0,0,0.0
L1a-DA-P1,all,521,F1,F1 방향 필터가 허용 안 함,134,188,0.2571976967370441
L1a-DA-P1,all,521,F2,F2 저거래량·저변동성,8,14,0.015355086372360844
L1a-DA-P1,all,521,F3,F3 이벤트(FOMC·CPI) 전후,0,0,0.0
L1a-DA-P1,all,521,F4,F4 이평 확산(과열),23,45,0.044145873320537425
L1a-DA-P1,all,521,F5,F5 급등 쿨다운,71,210,0.1362763915547025
L1a-DA-P1,all,521,F6,F6 박스(트랩 2회 이상),87,354,0.16698656429942418
L1a-DA-P1,all,521,F7,F7 살아 있는 반대 마디,11,198,0.02111324376199616
L1a-DA-P1,all,521,RISK_STOP_BAND,손절 폭이 0.4~2%·1~3 ATR 밖,18,295,0.0345489443378119
L1a-DA-P1,all,521,RISK_RR,순손익비 1.5 미만,1,45,0.0019193857965451055
L1a-DA-P1,all,521,F8,F8 같은 마디에서 이미 2번 손절,0,0,0.0
L1a-DA-P1,all,521,F9,F9 포지션·대기 주문 보유 중,0,0,0.0
L1a-DA-P1,all,521,MASK_DND,방해 금지 시간(KST 00:30~07:30),0,0,0.0
L1a-DA-P1,all,521,MASK_DAILY_CAP,하루 승인 요청 6건 초과,0,0,0.0
L1a-DA-P1,exec,521,PASSED,통과(실행한 계획),4,4,0.007677543186180422
L1a-DA-P1,exec,521,WARMUP,지표 준비 전(워밍업),0,0,0.0
L1a-DA-P1,exec,521,SC_CLOSE_VS_WAIST,시나리오 조건: 종가와 허리 위치,63,63,0.12092130518234165
L1a-DA-P1,exec,521,SC_SLOPE60,시나리오 조건: 기울기 60 하락(L1a),15,30,0.028790786948176585
L1a-DA-P1,exec,521,SC_UNHEALTHY,시나리오 조건: 건강하지 않은 조정(거래량),85,125,0.16314779270633398
L1a-DA-P1,exec,521,SC_NO_TARGET,시나리오 조건: 목표(아래 스윙 저점) 없음(S3),0,0,0.0
L1a-DA-P1,exec,521,SC_BAD_GEOMETRY,가격 순서 이상(손절·진입·목표),0,0,0.0
L1a-DA-P1,exec,521,F1,F1 방향 필터가 허용 안 함,134,188,0.2571976967370441
L1a-DA-P1,exec,521,F2,F2 저거래량·저변동성,8,14,0.015355086372360844
L1a-DA-P1,exec,521,F3,F3 이벤트(FOMC·CPI) 전후,0,0,0.0
L1a-DA-P1,exec,521,F4,F4 이평 확산(과열),23,45,0.044145873320537425
L1a-DA-P1,exec,521,F5,F5 급등 쿨다운,71,210,0.1362763915547025
L1a-DA-P1,exec,521,F6,F6 박스(트랩 2회 이상),87,354,0.16698656429942418
L1a-DA-P1,exec,521,F7,F7 살아 있는 반대 마디,11,198,0.02111324376199616
L1a-DA-P1,exec,521,RISK_STOP_BAND,손절 폭이 0.4~2%·1~3 ATR 밖,18,295,0.0345489443378119
L1a-DA-P1,exec,521,RISK_RR,순손익비 1.5 미만,1,45,0.0019193857965451055
L1a-DA-P1,exec,521,F8,F8 같은 마디에서 이미 2번 손절,0,0,0.0
L1a-DA-P1,exec,521,F9,F9 포지션·대기 주문 보유 중,0,0,0.0
L1a-DA-P1,exec,521,MASK_DND,방해 금지 시간(KST 00:30~07:30),1,1,0.0019193857965451055
L1a-DA-P1,exec,521,MASK_DAILY_CAP,하루 승인 요청 6건 초과,0,0,0.0
L1a-DA-P2,all,122,PASSED,통과(실행한 계획),0,0,0.0
L1a-DA-P2,all,122,WARMUP,지표 준비 전(워밍업),0,0,0.0
L1a-DA-P2,all,122,SC_CLOSE_VS_WAIST,시나리오 조건: 종가와 허리 위치,12,12,0.09836065573770492
L1a-DA-P2,all,122,SC_SLOPE60,시나리오 조건: 기울기 60 하락(L1a),6,9,0.04918032786885246
L1a-DA-P2,all,122,SC_UNHEALTHY,시나리오 조건: 건강하지 않은 조정(거래량),15,23,0.12295081967213115
L1a-DA-P2,all,122,SC_NO_TARGET,시나리오 조건: 목표(아래 스윙 저점) 없음(S3),0,0,0.0
L1a-DA-P2,all,122,SC_BAD_GEOMETRY,가격 순서 이상(손절·진입·목표),0,0,0.0
L1a-DA-P2,all,122,F1,F1 방향 필터가 허용 안 함,49,69,0.4016393442622951
L1a-DA-P2,all,122,F2,F2 저거래량·저변동성,1,3,0.00819672131147541
L1a-DA-P2,all,122,F3,F3 이벤트(FOMC·CPI) 전후,0,0,0.0
L1a-DA-P2,all,122,F4,F4 이평 확산(과열),5,11,0.040983606557377046
L1a-DA-P2,all,122,F5,F5 급등 쿨다운,11,47,0.09016393442622951
L1a-DA-P2,all,122,F6,F6 박스(트랩 2회 이상),14,80,0.11475409836065574
L1a-DA-P2,all,122,F7,F7 살아 있는 반대 마디,2,52,0.01639344262295082
L1a-DA-P2,all,122,RISK_STOP_BAND,손절 폭이 0.4~2%·1~3 ATR 밖,7,109,0.05737704918032787
L1a-DA-P2,all,122,RISK_RR,순손익비 1.5 미만,0,10,0.0
L1a-DA-P2,all,122,F8,F8 같은 마디에서 이미 2번 손절,0,0,0.0
L1a-DA-P2,all,122,F9,F9 포지션·대기 주문 보유 중,0,0,0.0
L1a-DA-P2,all,122,MASK_DND,방해 금지 시간(KST 00:30~07:30),0,0,0.0
L1a-DA-P2,all,122,MASK_DAILY_CAP,하루 승인 요청 6건 초과,0,0,0.0
L1a-DA-P2,exec,122,PASSED,통과(실행한 계획),0,0,0.0
L1a-DA-P2,exec,122,WARMUP,지표 준비 전(워밍업),0,0,0.0
L1a-DA-P2,exec,122,SC_CLOSE_VS_WAIST,시나리오 조건: 종가와 허리 위치,12,12,0.09836065573770492
L1a-DA-P2,exec,122,SC_SLOPE60,시나리오 조건: 기울기 60 하락(L1a),6,9,0.04918032786885246
L1a-DA-P2,exec,122,SC_UNHEALTHY,시나리오 조건: 건강하지 않은 조정(거래량),15,23,0.12295081967213115
L1a-DA-P2,exec,122,SC_NO_TARGET,시나리오 조건: 목표(아래 스윙 저점) 없음(S3),0,0,0.0
L1a-DA-P2,exec,122,SC_BAD_GEOMETRY,가격 순서 이상(손절·진입·목표),0,0,0.0
L1a-DA-P2,exec,122,F1,F1 방향 필터가 허용 안 함,49,69,0.4016393442622951
L1a-DA-P2,exec,122,F2,F2 저거래량·저변동성,1,3,0.00819672131147541
L1a-DA-P2,exec,122,F3,F3 이벤트(FOMC·CPI) 전후,0,0,0.0
L1a-DA-P2,exec,122,F4,F4 이평 확산(과열),5,11,0.040983606557377046
L1a-DA-P2,exec,122,F5,F5 급등 쿨다운,11,47,0.09016393442622951
L1a-DA-P2,exec,122,F6,F6 박스(트랩 2회 이상),14,80,0.11475409836065574
L1a-DA-P2,exec,122,F7,F7 살아 있는 반대 마디,2,52,0.01639344262295082
L1a-DA-P2,exec,122,RISK_STOP_BAND,손절 폭이 0.4~2%·1~3 ATR 밖,7,109,0.05737704918032787
L1a-DA-P2,exec,122,RISK_RR,순손익비 1.5 미만,0,10,0.0
L1a-DA-P2,exec,122,F8,F8 같은 마디에서 이미 2번 손절,0,0,0.0
L1a-DA-P2,exec,122,F9,F9 포지션·대기 주문 보유 중,0,0,0.0
L1a-DA-P2,exec,122,MASK_DND,방해 금지 시간(KST 00:30~07:30),0,0,0.0
L1a-DA-P2,exec,122,MASK_DAILY_CAP,하루 승인 요청 6건 초과,0,0,0.0
L1a-DB-P1,all,521,PASSED,통과(실행한 계획),5,5,0.009596928982725527
L1a-DB-P1,all,521,WARMUP,지표 준비 전(워밍업),0,0,0.0
L1a-DB-P1,all,521,SC_CLOSE_VS_WAIST,시나리오 조건: 종가와 허리 위치,63,63,0.12092130518234165
L1a-DB-P1,all,521,SC_SLOPE60,시나리오 조건: 기울기 60 하락(L1a),15,30,0.028790786948176585
L1a-DB-P1,all,521,SC_UNHEALTHY,시나리오 조건: 건강하지 않은 조정(거래량),85,125,0.16314779270633398
L1a-DB-P1,all,521,SC_NO_TARGET,시나리오 조건: 목표(아래 스윙 저점) 없음(S3),0,0,0.0
L1a-DB-P1,all,521,SC_BAD_GEOMETRY,가격 순서 이상(손절·진입·목표),0,0,0.0
L1a-DB-P1,all,521,F1,F1 방향 필터가 허용 안 함,159,219,0.30518234165067176
L1a-DB-P1,all,521,F2,F2 저거래량·저변동성,5,14,0.009596928982725527
L1a-DB-P1,all,521,F3,F3 이벤트(FOMC·CPI) 전후,0,0,0.0
L1a-DB-P1,all,521,F4,F4 이평 확산(과열),30,45,0.05758157389635317
L1a-DB-P1,all,521,F5,F5 급등 쿨다운,65,210,0.12476007677543186
L1a-DB-P1,all,521,F6,F6 박스(트랩 2회 이상),70,354,0.1343570057581574
L1a-DB-P1,all,521,F7,F7 살아 있는 반대 마디,3,198,0.005758157389635317
L1a-DB-P1,all,521,RISK_STOP_BAND,손절 폭이 0.4~2%·1~3 ATR 밖,21,295,0.04030710172744722
L1a-DB-P1,all,521,RISK_RR,순손익비 1.5 미만,0,45,0.0
L1a-DB-P1,all,521,F8,F8 같은 마디에서 이미 2번 손절,0,0,0.0
L1a-DB-P1,all,521,F9,F9 포지션·대기 주문 보유 중,0,0,0.0
L1a-DB-P1,all,521,MASK_DND,방해 금지 시간(KST 00:30~07:30),0,0,0.0
L1a-DB-P1,all,521,MASK_DAILY_CAP,하루 승인 요청 6건 초과,0,0,0.0
L1a-DB-P1,exec,521,PASSED,통과(실행한 계획),4,4,0.007677543186180422
L1a-DB-P1,exec,521,WARMUP,지표 준비 전(워밍업),0,0,0.0
L1a-DB-P1,exec,521,SC_CLOSE_VS_WAIST,시나리오 조건: 종가와 허리 위치,63,63,0.12092130518234165
L1a-DB-P1,exec,521,SC_SLOPE60,시나리오 조건: 기울기 60 하락(L1a),15,30,0.028790786948176585
L1a-DB-P1,exec,521,SC_UNHEALTHY,시나리오 조건: 건강하지 않은 조정(거래량),85,125,0.16314779270633398
L1a-DB-P1,exec,521,SC_NO_TARGET,시나리오 조건: 목표(아래 스윙 저점) 없음(S3),0,0,0.0
L1a-DB-P1,exec,521,SC_BAD_GEOMETRY,가격 순서 이상(손절·진입·목표),0,0,0.0
L1a-DB-P1,exec,521,F1,F1 방향 필터가 허용 안 함,159,219,0.30518234165067176
L1a-DB-P1,exec,521,F2,F2 저거래량·저변동성,5,14,0.009596928982725527
L1a-DB-P1,exec,521,F3,F3 이벤트(FOMC·CPI) 전후,0,0,0.0
L1a-DB-P1,exec,521,F4,F4 이평 확산(과열),30,45,0.05758157389635317
L1a-DB-P1,exec,521,F5,F5 급등 쿨다운,65,210,0.12476007677543186
L1a-DB-P1,exec,521,F6,F6 박스(트랩 2회 이상),70,354,0.1343570057581574
L1a-DB-P1,exec,521,F7,F7 살아 있는 반대 마디,3,198,0.005758157389635317
L1a-DB-P1,exec,521,RISK_STOP_BAND,손절 폭이 0.4~2%·1~3 ATR 밖,21,295,0.04030710172744722
L1a-DB-P1,exec,521,RISK_RR,순손익비 1.5 미만,0,45,0.0
L1a-DB-P1,exec,521,F8,F8 같은 마디에서 이미 2번 손절,0,0,0.0
L1a-DB-P1,exec,521,F9,F9 포지션·대기 주문 보유 중,0,0,0.0
L1a-DB-P1,exec,521,MASK_DND,방해 금지 시간(KST 00:30~07:30),1,1,0.0019193857965451055
L1a-DB-P1,exec,521,MASK_DAILY_CAP,하루 승인 요청 6건 초과,0,0,0.0
L1a-DB-P2,all,122,PASSED,통과(실행한 계획),0,0,0.0
L1a-DB-P2,all,122,WARMUP,지표 준비 전(워밍업),0,0,0.0
L1a-DB-P2,all,122,SC_CLOSE_VS_WAIST,시나리오 조건: 종가와 허리 위치,12,12,0.09836065573770492
L1a-DB-P2,all,122,SC_SLOPE60,시나리오 조건: 기울기 60 하락(L1a),6,9,0.04918032786885246
L1a-DB-P2,all,122,SC_UNHEALTHY,시나리오 조건: 건강하지 않은 조정(거래량),15,23,0.12295081967213115
L1a-DB-P2,all,122,SC_NO_TARGET,시나리오 조건: 목표(아래 스윙 저점) 없음(S3),0,0,0.0
L1a-DB-P2,all,122,SC_BAD_GEOMETRY,가격 순서 이상(손절·진입·목표),0,0,0.0
L1a-DB-P2,all,122,F1,F1 방향 필터가 허용 안 함,44,61,0.36065573770491804
L1a-DB-P2,all,122,F2,F2 저거래량·저변동성,0,3,0.0
L1a-DB-P2,all,122,F3,F3 이벤트(FOMC·CPI) 전후,0,0,0.0
L1a-DB-P2,all,122,F4,F4 이평 확산(과열),8,11,0.06557377049180328
L1a-DB-P2,all,122,F5,F5 급등 쿨다운,13,47,0.10655737704918032
L1a-DB-P2,all,122,F6,F6 박스(트랩 2회 이상),14,80,0.11475409836065574
L1a-DB-P2,all,122,F7,F7 살아 있는 반대 마디,1,52,0.00819672131147541
L1a-DB-P2,all,122,RISK_STOP_BAND,손절 폭이 0.4~2%·1~3 ATR 밖,9,109,0.07377049180327869
L1a-DB-P2,all,122,RISK_RR,순손익비 1.5 미만,0,10,0.0
L1a-DB-P2,all,122,F8,F8 같은 마디에서 이미 2번 손절,0,0,0.0
L1a-DB-P2,all,122,F9,F9 포지션·대기 주문 보유 중,0,0,0.0
L1a-DB-P2,all,122,MASK_DND,방해 금지 시간(KST 00:30~07:30),0,0,0.0
L1a-DB-P2,all,122,MASK_DAILY_CAP,하루 승인 요청 6건 초과,0,0,0.0
L1a-DB-P2,exec,122,PASSED,통과(실행한 계획),0,0,0.0
L1a-DB-P2,exec,122,WARMUP,지표 준비 전(워밍업),0,0,0.0
L1a-DB-P2,exec,122,SC_CLOSE_VS_WAIST,시나리오 조건: 종가와 허리 위치,12,12,0.09836065573770492
L1a-DB-P2,exec,122,SC_SLOPE60,시나리오 조건: 기울기 60 하락(L1a),6,9,0.04918032786885246
L1a-DB-P2,exec,122,SC_UNHEALTHY,시나리오 조건: 건강하지 않은 조정(거래량),15,23,0.12295081967213115
L1a-DB-P2,exec,122,SC_NO_TARGET,시나리오 조건: 목표(아래 스윙 저점) 없음(S3),0,0,0.0
L1a-DB-P2,exec,122,SC_BAD_GEOMETRY,가격 순서 이상(손절·진입·목표),0,0,0.0
L1a-DB-P2,exec,122,F1,F1 방향 필터가 허용 안 함,44,61,0.36065573770491804
L1a-DB-P2,exec,122,F2,F2 저거래량·저변동성,0,3,0.0
L1a-DB-P2,exec,122,F3,F3 이벤트(FOMC·CPI) 전후,0,0,0.0
L1a-DB-P2,exec,122,F4,F4 이평 확산(과열),8,11,0.06557377049180328
L1a-DB-P2,exec,122,F5,F5 급등 쿨다운,13,47,0.10655737704918032
L1a-DB-P2,exec,122,F6,F6 박스(트랩 2회 이상),14,80,0.11475409836065574
L1a-DB-P2,exec,122,F7,F7 살아 있는 반대 마디,1,52,0.00819672131147541
L1a-DB-P2,exec,122,RISK_STOP_BAND,손절 폭이 0.4~2%·1~3 ATR 밖,9,109,0.07377049180327869
L1a-DB-P2,exec,122,RISK_RR,순손익비 1.5 미만,0,10,0.0
L1a-DB-P2,exec,122,F8,F8 같은 마디에서 이미 2번 손절,0,0,0.0
L1a-DB-P2,exec,122,F9,F9 포지션·대기 주문 보유 중,0,0,0.0
L1a-DB-P2,exec,122,MASK_DND,방해 금지 시간(KST 00:30~07:30),0,0,0.0
L1a-DB-P2,exec,122,MASK_DAILY_CAP,하루 승인 요청 6건 초과,0,0,0.0
L1b-DA-P1,all,434,PASSED,통과(실행한 계획),15,15,0.03456221198156682
L1b-DA-P1,all,434,WARMUP,지표 준비 전(워밍업),0,0,0.0
L1b-DA-P1,all,434,SC_CLOSE_VS_WAIST,시나리오 조건: 종가와 허리 위치,0,0,0.0
L1b-DA-P1,all,434,SC_SLOPE60,시나리오 조건: 기울기 60 하락(L1a),0,0,0.0
L1b-DA-P1,all,434,SC_UNHEALTHY,시나리오 조건: 건강하지 않은 조정(거래량),95,95,0.21889400921658986
L1b-DA-P1,all,434,SC_NO_TARGET,시나리오 조건: 목표(아래 스윙 저점) 없음(S3),0,0,0.0
L1b-DA-P1,all,434,SC_BAD_GEOMETRY,가격 순서 이상(손절·진입·목표),3,10,0.0069124423963133645
L1b-DA-P1,all,434,F1,F1 방향 필터가 허용 안 함,134,163,0.3087557603686636
L1b-DA-P1,all,434,F2,F2 저거래량·저변동성,7,15,0.016129032258064516
L1b-DA-P1,all,434,F3,F3 이벤트(FOMC·CPI) 전후,0,0,0.0
L1b-DA-P1,all,434,F4,F4 이평 확산(과열),35,70,0.08064516129032258
L1b-DA-P1,all,434,F5,F5 급등 쿨다운,29,97,0.06682027649769585
L1b-DA-P1,all,434,F6,F6 박스(트랩 2회 이상),80,270,0.18433179723502305
L1b-DA-P1,all,434,F7,F7 살아 있는 반대 마디,18,161,0.041474654377880185
L1b-DA-P1,all,434,RISK_STOP_BAND,손절 폭이 0.4~2%·1~3 ATR 밖,17,190,0.03917050691244239
L1b-DA-P1,all,434,RISK_RR,순손익비 1.5 미만,1,114,0.002304147465437788
L1b-DA-P1,all,434,F8,F8 같은 마디에서 이미 2번 손절,0,0,0.0
L1b-DA-P1,all,434,F9,F9 포지션·대기 주문 보유 중,0,0,0.0
L1b-DA-P1,all,434,MASK_DND,방해 금지 시간(KST 00:30~07:30),0,0,0.0
L1b-DA-P1,all,434,MASK_DAILY_CAP,하루 승인 요청 6건 초과,0,0,0.0
L1b-DA-P1,exec,434,PASSED,통과(실행한 계획),10,10,0.02304147465437788
L1b-DA-P1,exec,434,WARMUP,지표 준비 전(워밍업),0,0,0.0
L1b-DA-P1,exec,434,SC_CLOSE_VS_WAIST,시나리오 조건: 종가와 허리 위치,0,0,0.0
L1b-DA-P1,exec,434,SC_SLOPE60,시나리오 조건: 기울기 60 하락(L1a),0,0,0.0
L1b-DA-P1,exec,434,SC_UNHEALTHY,시나리오 조건: 건강하지 않은 조정(거래량),95,95,0.21889400921658986
L1b-DA-P1,exec,434,SC_NO_TARGET,시나리오 조건: 목표(아래 스윙 저점) 없음(S3),0,0,0.0
L1b-DA-P1,exec,434,SC_BAD_GEOMETRY,가격 순서 이상(손절·진입·목표),3,10,0.0069124423963133645
L1b-DA-P1,exec,434,F1,F1 방향 필터가 허용 안 함,134,163,0.3087557603686636
L1b-DA-P1,exec,434,F2,F2 저거래량·저변동성,7,15,0.016129032258064516
L1b-DA-P1,exec,434,F3,F3 이벤트(FOMC·CPI) 전후,0,0,0.0
L1b-DA-P1,exec,434,F4,F4 이평 확산(과열),35,70,0.08064516129032258
L1b-DA-P1,exec,434,F5,F5 급등 쿨다운,29,97,0.06682027649769585
L1b-DA-P1,exec,434,F6,F6 박스(트랩 2회 이상),80,270,0.18433179723502305
L1b-DA-P1,exec,434,F7,F7 살아 있는 반대 마디,18,161,0.041474654377880185
L1b-DA-P1,exec,434,RISK_STOP_BAND,손절 폭이 0.4~2%·1~3 ATR 밖,17,190,0.03917050691244239
L1b-DA-P1,exec,434,RISK_RR,순손익비 1.5 미만,1,114,0.002304147465437788
L1b-DA-P1,exec,434,F8,F8 같은 마디에서 이미 2번 손절,0,0,0.0
L1b-DA-P1,exec,434,F9,F9 포지션·대기 주문 보유 중,0,0,0.0
L1b-DA-P1,exec,434,MASK_DND,방해 금지 시간(KST 00:30~07:30),5,5,0.01152073732718894
L1b-DA-P1,exec,434,MASK_DAILY_CAP,하루 승인 요청 6건 초과,0,0,0.0
L1b-DA-P2,all,94,PASSED,통과(실행한 계획),0,0,0.0
L1b-DA-P2,all,94,WARMUP,지표 준비 전(워밍업),0,0,0.0
L1b-DA-P2,all,94,SC_CLOSE_VS_WAIST,시나리오 조건: 종가와 허리 위치,0,0,0.0
L1b-DA-P2,all,94,SC_SLOPE60,시나리오 조건: 기울기 60 하락(L1a),0,0,0.0
L1b-DA-P2,all,94,SC_UNHEALTHY,시나리오 조건: 건강하지 않은 조정(거래량),22,22,0.23404255319148937
L1b-DA-P2,all,94,SC_NO_TARGET,시나리오 조건: 목표(아래 스윙 저점) 없음(S3),0,0,0.0
L1b-DA-P2,all,94,SC_BAD_GEOMETRY,가격 순서 이상(손절·진입·목표),1,2,0.010638297872340425
L1b-DA-P2,all,94,F1,F1 방향 필터가 허용 안 함,39,52,0.4148936170212766
L1b-DA-P2,all,94,F2,F2 저거래량·저변동성,0,4,0.0
L1b-DA-P2,all,94,F3,F3 이벤트(FOMC·CPI) 전후,0,0,0.0
L1b-DA-P2,all,94,F4,F4 이평 확산(과열),6,17,0.06382978723404255
L1b-DA-P2,all,94,F5,F5 급등 쿨다운,6,16,0.06382978723404255
L1b-DA-P2,all,94,F6,F6 박스(트랩 2회 이상),14,55,0.14893617021276595
L1b-DA-P2,all,94,F7,F7 살아 있는 반대 마디,2,36,0.02127659574468085
L1b-DA-P2,all,94,RISK_STOP_BAND,손절 폭이 0.4~2%·1~3 ATR 밖,4,77,0.0425531914893617
L1b-DA-P2,all,94,RISK_RR,순손익비 1.5 미만,0,25,0.0
L1b-DA-P2,all,94,F8,F8 같은 마디에서 이미 2번 손절,0,0,0.0
L1b-DA-P2,all,94,F9,F9 포지션·대기 주문 보유 중,0,0,0.0
L1b-DA-P2,all,94,MASK_DND,방해 금지 시간(KST 00:30~07:30),0,0,0.0
L1b-DA-P2,all,94,MASK_DAILY_CAP,하루 승인 요청 6건 초과,0,0,0.0
L1b-DA-P2,exec,94,PASSED,통과(실행한 계획),0,0,0.0
L1b-DA-P2,exec,94,WARMUP,지표 준비 전(워밍업),0,0,0.0
L1b-DA-P2,exec,94,SC_CLOSE_VS_WAIST,시나리오 조건: 종가와 허리 위치,0,0,0.0
L1b-DA-P2,exec,94,SC_SLOPE60,시나리오 조건: 기울기 60 하락(L1a),0,0,0.0
L1b-DA-P2,exec,94,SC_UNHEALTHY,시나리오 조건: 건강하지 않은 조정(거래량),22,22,0.23404255319148937
L1b-DA-P2,exec,94,SC_NO_TARGET,시나리오 조건: 목표(아래 스윙 저점) 없음(S3),0,0,0.0
L1b-DA-P2,exec,94,SC_BAD_GEOMETRY,가격 순서 이상(손절·진입·목표),1,2,0.010638297872340425
L1b-DA-P2,exec,94,F1,F1 방향 필터가 허용 안 함,39,52,0.4148936170212766
L1b-DA-P2,exec,94,F2,F2 저거래량·저변동성,0,4,0.0
L1b-DA-P2,exec,94,F3,F3 이벤트(FOMC·CPI) 전후,0,0,0.0
L1b-DA-P2,exec,94,F4,F4 이평 확산(과열),6,17,0.06382978723404255
L1b-DA-P2,exec,94,F5,F5 급등 쿨다운,6,16,0.06382978723404255
L1b-DA-P2,exec,94,F6,F6 박스(트랩 2회 이상),14,55,0.14893617021276595
L1b-DA-P2,exec,94,F7,F7 살아 있는 반대 마디,2,36,0.02127659574468085
L1b-DA-P2,exec,94,RISK_STOP_BAND,손절 폭이 0.4~2%·1~3 ATR 밖,4,77,0.0425531914893617
L1b-DA-P2,exec,94,RISK_RR,순손익비 1.5 미만,0,25,0.0
L1b-DA-P2,exec,94,F8,F8 같은 마디에서 이미 2번 손절,0,0,0.0
L1b-DA-P2,exec,94,F9,F9 포지션·대기 주문 보유 중,0,0,0.0
L1b-DA-P2,exec,94,MASK_DND,방해 금지 시간(KST 00:30~07:30),0,0,0.0
L1b-DA-P2,exec,94,MASK_DAILY_CAP,하루 승인 요청 6건 초과,0,0,0.0
L1b-DB-P1,all,434,PASSED,통과(실행한 계획),13,13,0.029953917050691243
L1b-DB-P1,all,434,WARMUP,지표 준비 전(워밍업),0,0,0.0
L1b-DB-P1,all,434,SC_CLOSE_VS_WAIST,시나리오 조건: 종가와 허리 위치,0,0,0.0
L1b-DB-P1,all,434,SC_SLOPE60,시나리오 조건: 기울기 60 하락(L1a),0,0,0.0
L1b-DB-P1,all,434,SC_UNHEALTHY,시나리오 조건: 건강하지 않은 조정(거래량),95,95,0.21889400921658986
L1b-DB-P1,all,434,SC_NO_TARGET,시나리오 조건: 목표(아래 스윙 저점) 없음(S3),0,0,0.0
L1b-DB-P1,all,434,SC_BAD_GEOMETRY,가격 순서 이상(손절·진입·목표),3,10,0.0069124423963133645
L1b-DB-P1,all,434,F1,F1 방향 필터가 허용 안 함,155,186,0.35714285714285715
L1b-DB-P1,all,434,F2,F2 저거래량·저변동성,4,15,0.009216589861751152
L1b-DB-P1,all,434,F3,F3 이벤트(FOMC·CPI) 전후,0,0,0.0
L1b-DB-P1,all,434,F4,F4 이평 확산(과열),44,70,0.10138248847926268
L1b-DB-P1,all,434,F5,F5 급등 쿨다운,26,97,0.059907834101382486
L1b-DB-P1,all,434,F6,F6 박스(트랩 2회 이상),64,270,0.14746543778801843
L1b-DB-P1,all,434,F7,F7 살아 있는 반대 마디,10,161,0.02304147465437788
L1b-DB-P1,all,434,RISK_STOP_BAND,손절 폭이 0.4~2%·1~3 ATR 밖,19,190,0.04377880184331797
L1b-DB-P1,all,434,RISK_RR,순손익비 1.5 미만,1,114,0.002304147465437788
L1b-DB-P1,all,434,F8,F8 같은 마디에서 이미 2번 손절,0,0,0.0
L1b-DB-P1,all,434,F9,F9 포지션·대기 주문 보유 중,0,0,0.0
L1b-DB-P1,all,434,MASK_DND,방해 금지 시간(KST 00:30~07:30),0,0,0.0
L1b-DB-P1,all,434,MASK_DAILY_CAP,하루 승인 요청 6건 초과,0,0,0.0
L1b-DB-P1,exec,434,PASSED,통과(실행한 계획),9,9,0.020737327188940093
L1b-DB-P1,exec,434,WARMUP,지표 준비 전(워밍업),0,0,0.0
L1b-DB-P1,exec,434,SC_CLOSE_VS_WAIST,시나리오 조건: 종가와 허리 위치,0,0,0.0
L1b-DB-P1,exec,434,SC_SLOPE60,시나리오 조건: 기울기 60 하락(L1a),0,0,0.0
L1b-DB-P1,exec,434,SC_UNHEALTHY,시나리오 조건: 건강하지 않은 조정(거래량),95,95,0.21889400921658986
L1b-DB-P1,exec,434,SC_NO_TARGET,시나리오 조건: 목표(아래 스윙 저점) 없음(S3),0,0,0.0
L1b-DB-P1,exec,434,SC_BAD_GEOMETRY,가격 순서 이상(손절·진입·목표),3,10,0.0069124423963133645
L1b-DB-P1,exec,434,F1,F1 방향 필터가 허용 안 함,155,186,0.35714285714285715
L1b-DB-P1,exec,434,F2,F2 저거래량·저변동성,4,15,0.009216589861751152
L1b-DB-P1,exec,434,F3,F3 이벤트(FOMC·CPI) 전후,0,0,0.0
L1b-DB-P1,exec,434,F4,F4 이평 확산(과열),44,70,0.10138248847926268
L1b-DB-P1,exec,434,F5,F5 급등 쿨다운,26,97,0.059907834101382486
L1b-DB-P1,exec,434,F6,F6 박스(트랩 2회 이상),64,270,0.14746543778801843
L1b-DB-P1,exec,434,F7,F7 살아 있는 반대 마디,10,161,0.02304147465437788
L1b-DB-P1,exec,434,RISK_STOP_BAND,손절 폭이 0.4~2%·1~3 ATR 밖,19,190,0.04377880184331797
L1b-DB-P1,exec,434,RISK_RR,순손익비 1.5 미만,1,114,0.002304147465437788
L1b-DB-P1,exec,434,F8,F8 같은 마디에서 이미 2번 손절,0,0,0.0
L1b-DB-P1,exec,434,F9,F9 포지션·대기 주문 보유 중,0,0,0.0
L1b-DB-P1,exec,434,MASK_DND,방해 금지 시간(KST 00:30~07:30),4,4,0.009216589861751152
L1b-DB-P1,exec,434,MASK_DAILY_CAP,하루 승인 요청 6건 초과,0,0,0.0
L1b-DB-P2,all,94,PASSED,통과(실행한 계획),0,0,0.0
L1b-DB-P2,all,94,WARMUP,지표 준비 전(워밍업),0,0,0.0
L1b-DB-P2,all,94,SC_CLOSE_VS_WAIST,시나리오 조건: 종가와 허리 위치,0,0,0.0
L1b-DB-P2,all,94,SC_SLOPE60,시나리오 조건: 기울기 60 하락(L1a),0,0,0.0
L1b-DB-P2,all,94,SC_UNHEALTHY,시나리오 조건: 건강하지 않은 조정(거래량),22,22,0.23404255319148937
L1b-DB-P2,all,94,SC_NO_TARGET,시나리오 조건: 목표(아래 스윙 저점) 없음(S3),0,0,0.0
L1b-DB-P2,all,94,SC_BAD_GEOMETRY,가격 순서 이상(손절·진입·목표),1,2,0.010638297872340425
L1b-DB-P2,all,94,F1,F1 방향 필터가 허용 안 함,34,45,0.3617021276595745
L1b-DB-P2,all,94,F2,F2 저거래량·저변동성,1,4,0.010638297872340425
L1b-DB-P2,all,94,F3,F3 이벤트(FOMC·CPI) 전후,0,0,0.0
L1b-DB-P2,all,94,F4,F4 이평 확산(과열),13,17,0.13829787234042554
L1b-DB-P2,all,94,F5,F5 급등 쿨다운,4,16,0.0425531914893617
L1b-DB-P2,all,94,F6,F6 박스(트랩 2회 이상),12,55,0.1276595744680851
L1b-DB-P2,all,94,F7,F7 살아 있는 반대 마디,1,36,0.010638297872340425
L1b-DB-P2,all,94,RISK_STOP_BAND,손절 폭이 0.4~2%·1~3 ATR 밖,6,77,0.06382978723404255
L1b-DB-P2,all,94,RISK_RR,순손익비 1.5 미만,0,25,0.0
L1b-DB-P2,all,94,F8,F8 같은 마디에서 이미 2번 손절,0,0,0.0
L1b-DB-P2,all,94,F9,F9 포지션·대기 주문 보유 중,0,0,0.0
L1b-DB-P2,all,94,MASK_DND,방해 금지 시간(KST 00:30~07:30),0,0,0.0
L1b-DB-P2,all,94,MASK_DAILY_CAP,하루 승인 요청 6건 초과,0,0,0.0
L1b-DB-P2,exec,94,PASSED,통과(실행한 계획),0,0,0.0
L1b-DB-P2,exec,94,WARMUP,지표 준비 전(워밍업),0,0,0.0
L1b-DB-P2,exec,94,SC_CLOSE_VS_WAIST,시나리오 조건: 종가와 허리 위치,0,0,0.0
L1b-DB-P2,exec,94,SC_SLOPE60,시나리오 조건: 기울기 60 하락(L1a),0,0,0.0
L1b-DB-P2,exec,94,SC_UNHEALTHY,시나리오 조건: 건강하지 않은 조정(거래량),22,22,0.23404255319148937
L1b-DB-P2,exec,94,SC_NO_TARGET,시나리오 조건: 목표(아래 스윙 저점) 없음(S3),0,0,0.0
L1b-DB-P2,exec,94,SC_BAD_GEOMETRY,가격 순서 이상(손절·진입·목표),1,2,0.010638297872340425
L1b-DB-P2,exec,94,F1,F1 방향 필터가 허용 안 함,34,45,0.3617021276595745
L1b-DB-P2,exec,94,F2,F2 저거래량·저변동성,1,4,0.010638297872340425
L1b-DB-P2,exec,94,F3,F3 이벤트(FOMC·CPI) 전후,0,0,0.0
L1b-DB-P2,exec,94,F4,F4 이평 확산(과열),13,17,0.13829787234042554
L1b-DB-P2,exec,94,F5,F5 급등 쿨다운,4,16,0.0425531914893617
L1b-DB-P2,exec,94,F6,F6 박스(트랩 2회 이상),12,55,0.1276595744680851
L1b-DB-P2,exec,94,F7,F7 살아 있는 반대 마디,1,36,0.010638297872340425
L1b-DB-P2,exec,94,RISK_STOP_BAND,손절 폭이 0.4~2%·1~3 ATR 밖,6,77,0.06382978723404255
L1b-DB-P2,exec,94,RISK_RR,순손익비 1.5 미만,0,25,0.0
L1b-DB-P2,exec,94,F8,F8 같은 마디에서 이미 2번 손절,0,0,0.0
L1b-DB-P2,exec,94,F9,F9 포지션·대기 주문 보유 중,0,0,0.0
L1b-DB-P2,exec,94,MASK_DND,방해 금지 시간(KST 00:30~07:30),0,0,0.0
L1b-DB-P2,exec,94,MASK_DAILY_CAP,하루 승인 요청 6건 초과,0,0,0.0
S2-DA-P1,all,756,PASSED,통과(실행한 계획),11,11,0.01455026455026455
S2-DA-P1,all,756,WARMUP,지표 준비 전(워밍업),0,0,0.0
S2-DA-P1,all,756,SC_CLOSE_VS_WAIST,시나리오 조건: 종가와 허리 위치,0,0,0.0
S2-DA-P1,all,756,SC_SLOPE60,시나리오 조건: 기울기 60 하락(L1a),0,0,0.0
S2-DA-P1,all,756,SC_UNHEALTHY,시나리오 조건: 건강하지 않은 조정(거래량),0,0,0.0
S2-DA-P1,all,756,SC_NO_TARGET,시나리오 조건: 목표(아래 스윙 저점) 없음(S3),0,0,0.0
S2-DA-P1,all,756,SC_BAD_GEOMETRY,가격 순서 이상(손절·진입·목표),0,0,0.0
S2-DA-P1,all,756,F1,F1 방향 필터가 허용 안 함,421,421,0.5568783068783069
S2-DA-P1,all,756,F2,F2 저거래량·저변동성,0,0,0.0
S2-DA-P1,all,756,F3,F3 이벤트(FOMC·CPI) 전후,0,0,0.0
S2-DA-P1,all,756,F4,F4 이평 확산(과열),36,71,0.047619047619047616
S2-DA-P1,all,756,F5,F5 급등 쿨다운,72,156,0.09523809523809523
S2-DA-P1,all,756,F6,F6 박스(트랩 2회 이상),138,475,0.18253968253968253
S2-DA-P1,all,756,F7,F7 살아 있는 반대 마디,0,0,0.0
S2-DA-P1,all,756,RISK_STOP_BAND,손절 폭이 0.4~2%·1~3 ATR 밖,73,591,0.09656084656084656
S2-DA-P1,all,756,RISK_RR,순손익비 1.5 미만,5,101,0.006613756613756613
S2-DA-P1,all,756,F8,F8 같은 마디에서 이미 2번 손절,0,0,0.0
S2-DA-P1,all,756,F9,F9 포지션·대기 주문 보유 중,0,0,0.0
S2-DA-P1,all,756,MASK_DND,방해 금지 시간(KST 00:30~07:30),0,0,0.0
S2-DA-P1,all,756,MASK_DAILY_CAP,하루 승인 요청 6건 초과,0,0,0.0
S2-DA-P1,exec,756,PASSED,통과(실행한 계획),7,7,0.009259259259259259
S2-DA-P1,exec,756,WARMUP,지표 준비 전(워밍업),0,0,0.0
S2-DA-P1,exec,756,SC_CLOSE_VS_WAIST,시나리오 조건: 종가와 허리 위치,0,0,0.0
S2-DA-P1,exec,756,SC_SLOPE60,시나리오 조건: 기울기 60 하락(L1a),0,0,0.0
S2-DA-P1,exec,756,SC_UNHEALTHY,시나리오 조건: 건강하지 않은 조정(거래량),0,0,0.0
S2-DA-P1,exec,756,SC_NO_TARGET,시나리오 조건: 목표(아래 스윙 저점) 없음(S3),0,0,0.0
S2-DA-P1,exec,756,SC_BAD_GEOMETRY,가격 순서 이상(손절·진입·목표),0,0,0.0
S2-DA-P1,exec,756,F1,F1 방향 필터가 허용 안 함,421,421,0.5568783068783069
S2-DA-P1,exec,756,F2,F2 저거래량·저변동성,0,0,0.0
S2-DA-P1,exec,756,F3,F3 이벤트(FOMC·CPI) 전후,0,0,0.0
S2-DA-P1,exec,756,F4,F4 이평 확산(과열),36,71,0.047619047619047616
S2-DA-P1,exec,756,F5,F5 급등 쿨다운,72,156,0.09523809523809523
S2-DA-P1,exec,756,F6,F6 박스(트랩 2회 이상),138,475,0.18253968253968253
S2-DA-P1,exec,756,F7,F7 살아 있는 반대 마디,0,0,0.0
S2-DA-P1,exec,756,RISK_STOP_BAND,손절 폭이 0.4~2%·1~3 ATR 밖,73,591,0.09656084656084656
S2-DA-P1,exec,756,RISK_RR,순손익비 1.5 미만,5,101,0.006613756613756613
S2-DA-P1,exec,756,F8,F8 같은 마디에서 이미 2번 손절,0,0,0.0
S2-DA-P1,exec,756,F9,F9 포지션·대기 주문 보유 중,0,0,0.0
S2-DA-P1,exec,756,MASK_DND,방해 금지 시간(KST 00:30~07:30),4,4,0.005291005291005291
S2-DA-P1,exec,756,MASK_DAILY_CAP,하루 승인 요청 6건 초과,0,0,0.0
S2-DA-P2,all,143,PASSED,통과(실행한 계획),1,1,0.006993006993006993
S2-DA-P2,all,143,WARMUP,지표 준비 전(워밍업),0,0,0.0
S2-DA-P2,all,143,SC_CLOSE_VS_WAIST,시나리오 조건: 종가와 허리 위치,0,0,0.0
S2-DA-P2,all,143,SC_SLOPE60,시나리오 조건: 기울기 60 하락(L1a),0,0,0.0
S2-DA-P2,all,143,SC_UNHEALTHY,시나리오 조건: 건강하지 않은 조정(거래량),0,0,0.0
S2-DA-P2,all,143,SC_NO_TARGET,시나리오 조건: 목표(아래 스윙 저점) 없음(S3),0,0,0.0
S2-DA-P2,all,143,SC_BAD_GEOMETRY,가격 순서 이상(손절·진입·목표),0,0,0.0
S2-DA-P2,all,143,F1,F1 방향 필터가 허용 안 함,94,94,0.6573426573426573
S2-DA-P2,all,143,F2,F2 저거래량·저변동성,0,0,0.0
S2-DA-P2,all,143,F3,F3 이벤트(FOMC·CPI) 전후,0,0,0.0
S2-DA-P2,all,143,F4,F4 이평 확산(과열),0,12,0.0
S2-DA-P2,all,143,F5,F5 급등 쿨다운,12,32,0.08391608391608392
S2-DA-P2,all,143,F6,F6 박스(트랩 2회 이상),16,89,0.11188811188811189
S2-DA-P2,all,143,F7,F7 살아 있는 반대 마디,0,0,0.0
S2-DA-P2,all,143,RISK_STOP_BAND,손절 폭이 0.4~2%·1~3 ATR 밖,20,113,0.13986013986013987
S2-DA-P2,all,143,RISK_RR,순손익비 1.5 미만,0,14,0.0
S2-DA-P2,all,143,F8,F8 같은 마디에서 이미 2번 손절,0,0,0.0
S2-DA-P2,all,143,F9,F9 포지션·대기 주문 보유 중,0,0,0.0
S2-DA-P2,all,143,MASK_DND,방해 금지 시간(KST 00:30~07:30),0,0,0.0
S2-DA-P2,all,143,MASK_DAILY_CAP,하루 승인 요청 6건 초과,0,0,0.0
S2-DA-P2,exec,143,PASSED,통과(실행한 계획),1,1,0.006993006993006993
S2-DA-P2,exec,143,WARMUP,지표 준비 전(워밍업),0,0,0.0
S2-DA-P2,exec,143,SC_CLOSE_VS_WAIST,시나리오 조건: 종가와 허리 위치,0,0,0.0
S2-DA-P2,exec,143,SC_SLOPE60,시나리오 조건: 기울기 60 하락(L1a),0,0,0.0
S2-DA-P2,exec,143,SC_UNHEALTHY,시나리오 조건: 건강하지 않은 조정(거래량),0,0,0.0
S2-DA-P2,exec,143,SC_NO_TARGET,시나리오 조건: 목표(아래 스윙 저점) 없음(S3),0,0,0.0
S2-DA-P2,exec,143,SC_BAD_GEOMETRY,가격 순서 이상(손절·진입·목표),0,0,0.0
S2-DA-P2,exec,143,F1,F1 방향 필터가 허용 안 함,94,94,0.6573426573426573
S2-DA-P2,exec,143,F2,F2 저거래량·저변동성,0,0,0.0
S2-DA-P2,exec,143,F3,F3 이벤트(FOMC·CPI) 전후,0,0,0.0
S2-DA-P2,exec,143,F4,F4 이평 확산(과열),0,12,0.0
S2-DA-P2,exec,143,F5,F5 급등 쿨다운,12,32,0.08391608391608392
S2-DA-P2,exec,143,F6,F6 박스(트랩 2회 이상),16,89,0.11188811188811189
S2-DA-P2,exec,143,F7,F7 살아 있는 반대 마디,0,0,0.0
S2-DA-P2,exec,143,RISK_STOP_BAND,손절 폭이 0.4~2%·1~3 ATR 밖,20,113,0.13986013986013987
S2-DA-P2,exec,143,RISK_RR,순손익비 1.5 미만,0,14,0.0
S2-DA-P2,exec,143,F8,F8 같은 마디에서 이미 2번 손절,0,0,0.0
S2-DA-P2,exec,143,F9,F9 포지션·대기 주문 보유 중,0,0,0.0
S2-DA-P2,exec,143,MASK_DND,방해 금지 시간(KST 00:30~07:30),0,0,0.0
S2-DA-P2,exec,143,MASK_DAILY_CAP,하루 승인 요청 6건 초과,0,0,0.0
S2-DB-P1,all,756,PASSED,통과(실행한 계획),3,3,0.003968253968253968
S2-DB-P1,all,756,WARMUP,지표 준비 전(워밍업),0,0,0.0
S2-DB-P1,all,756,SC_CLOSE_VS_WAIST,시나리오 조건: 종가와 허리 위치,0,0,0.0
S2-DB-P1,all,756,SC_SLOPE60,시나리오 조건: 기울기 60 하락(L1a),0,0,0.0
S2-DB-P1,all,756,SC_UNHEALTHY,시나리오 조건: 건강하지 않은 조정(거래량),0,0,0.0
S2-DB-P1,all,756,SC_NO_TARGET,시나리오 조건: 목표(아래 스윙 저점) 없음(S3),0,0,0.0
S2-DB-P1,all,756,SC_BAD_GEOMETRY,가격 순서 이상(손절·진입·목표),0,0,0.0
S2-DB-P1,all,756,F1,F1 방향 필터가 허용 안 함,600,600,0.7936507936507936
S2-DB-P1,all,756,F2,F2 저거래량·저변동성,0,0,0.0
S2-DB-P1,all,756,F3,F3 이벤트(FOMC·CPI) 전후,0,0,0.0
S2-DB-P1,all,756,F4,F4 이평 확산(과열),13,71,0.017195767195767195
S2-DB-P1,all,756,F5,F5 급등 쿨다운,27,156,0.03571428571428571
S2-DB-P1,all,756,F6,F6 박스(트랩 2회 이상),66,475,0.0873015873015873
S2-DB-P1,all,756,F7,F7 살아 있는 반대 마디,0,0,0.0
S2-DB-P1,all,756,RISK_STOP_BAND,손절 폭이 0.4~2%·1~3 ATR 밖,41,591,0.05423280423280423
S2-DB-P1,all,756,RISK_RR,순손익비 1.5 미만,6,101,0.007936507936507936
S2-DB-P1,all,756,F8,F8 같은 마디에서 이미 2번 손절,0,0,0.0
S2-DB-P1,all,756,F9,F9 포지션·대기 주문 보유 중,0,0,0.0
S2-DB-P1,all,756,MASK_DND,방해 금지 시간(KST 00:30~07:30),0,0,0.0
S2-DB-P1,all,756,MASK_DAILY_CAP,하루 승인 요청 6건 초과,0,0,0.0
S2-DB-P1,exec,756,PASSED,통과(실행한 계획),3,3,0.003968253968253968
S2-DB-P1,exec,756,WARMUP,지표 준비 전(워밍업),0,0,0.0
S2-DB-P1,exec,756,SC_CLOSE_VS_WAIST,시나리오 조건: 종가와 허리 위치,0,0,0.0
S2-DB-P1,exec,756,SC_SLOPE60,시나리오 조건: 기울기 60 하락(L1a),0,0,0.0
S2-DB-P1,exec,756,SC_UNHEALTHY,시나리오 조건: 건강하지 않은 조정(거래량),0,0,0.0
S2-DB-P1,exec,756,SC_NO_TARGET,시나리오 조건: 목표(아래 스윙 저점) 없음(S3),0,0,0.0
S2-DB-P1,exec,756,SC_BAD_GEOMETRY,가격 순서 이상(손절·진입·목표),0,0,0.0
S2-DB-P1,exec,756,F1,F1 방향 필터가 허용 안 함,600,600,0.7936507936507936
S2-DB-P1,exec,756,F2,F2 저거래량·저변동성,0,0,0.0
S2-DB-P1,exec,756,F3,F3 이벤트(FOMC·CPI) 전후,0,0,0.0
S2-DB-P1,exec,756,F4,F4 이평 확산(과열),13,71,0.017195767195767195
S2-DB-P1,exec,756,F5,F5 급등 쿨다운,27,156,0.03571428571428571
S2-DB-P1,exec,756,F6,F6 박스(트랩 2회 이상),66,475,0.0873015873015873
S2-DB-P1,exec,756,F7,F7 살아 있는 반대 마디,0,0,0.0
S2-DB-P1,exec,756,RISK_STOP_BAND,손절 폭이 0.4~2%·1~3 ATR 밖,41,591,0.05423280423280423
S2-DB-P1,exec,756,RISK_RR,순손익비 1.5 미만,6,101,0.007936507936507936
S2-DB-P1,exec,756,F8,F8 같은 마디에서 이미 2번 손절,0,0,0.0
S2-DB-P1,exec,756,F9,F9 포지션·대기 주문 보유 중,0,0,0.0
S2-DB-P1,exec,756,MASK_DND,방해 금지 시간(KST 00:30~07:30),0,0,0.0
S2-DB-P1,exec,756,MASK_DAILY_CAP,하루 승인 요청 6건 초과,0,0,0.0
S2-DB-P2,all,143,PASSED,통과(실행한 계획),0,0,0.0
S2-DB-P2,all,143,WARMUP,지표 준비 전(워밍업),0,0,0.0
S2-DB-P2,all,143,SC_CLOSE_VS_WAIST,시나리오 조건: 종가와 허리 위치,0,0,0.0
S2-DB-P2,all,143,SC_SLOPE60,시나리오 조건: 기울기 60 하락(L1a),0,0,0.0
S2-DB-P2,all,143,SC_UNHEALTHY,시나리오 조건: 건강하지 않은 조정(거래량),0,0,0.0
S2-DB-P2,all,143,SC_NO_TARGET,시나리오 조건: 목표(아래 스윙 저점) 없음(S3),0,0,0.0
S2-DB-P2,all,143,SC_BAD_GEOMETRY,가격 순서 이상(손절·진입·목표),0,0,0.0
S2-DB-P2,all,143,F1,F1 방향 필터가 허용 안 함,112,112,0.7832167832167832
S2-DB-P2,all,143,F2,F2 저거래량·저변동성,0,0,0.0
S2-DB-P2,all,143,F3,F3 이벤트(FOMC·CPI) 전후,0,0,0.0
S2-DB-P2,all,143,F4,F4 이평 확산(과열),0,12,0.0
S2-DB-P2,all,143,F5,F5 급등 쿨다운,7,32,0.04895104895104895
S2-DB-P2,all,143,F6,F6 박스(트랩 2회 이상),12,89,0.08391608391608392
S2-DB-P2,all,143,F7,F7 살아 있는 반대 마디,0,0,0.0
S2-DB-P2,all,143,RISK_STOP_BAND,손절 폭이 0.4~2%·1~3 ATR 밖,11,113,0.07692307692307693
S2-DB-P2,all,143,RISK_RR,순손익비 1.5 미만,1,14,0.006993006993006993
S2-DB-P2,all,143,F8,F8 같은 마디에서 이미 2번 손절,0,0,0.0
S2-DB-P2,all,143,F9,F9 포지션·대기 주문 보유 중,0,0,0.0
S2-DB-P2,all,143,MASK_DND,방해 금지 시간(KST 00:30~07:30),0,0,0.0
S2-DB-P2,all,143,MASK_DAILY_CAP,하루 승인 요청 6건 초과,0,0,0.0
S2-DB-P2,exec,143,PASSED,통과(실행한 계획),0,0,0.0
S2-DB-P2,exec,143,WARMUP,지표 준비 전(워밍업),0,0,0.0
S2-DB-P2,exec,143,SC_CLOSE_VS_WAIST,시나리오 조건: 종가와 허리 위치,0,0,0.0
S2-DB-P2,exec,143,SC_SLOPE60,시나리오 조건: 기울기 60 하락(L1a),0,0,0.0
S2-DB-P2,exec,143,SC_UNHEALTHY,시나리오 조건: 건강하지 않은 조정(거래량),0,0,0.0
S2-DB-P2,exec,143,SC_NO_TARGET,시나리오 조건: 목표(아래 스윙 저점) 없음(S3),0,0,0.0
S2-DB-P2,exec,143,SC_BAD_GEOMETRY,가격 순서 이상(손절·진입·목표),0,0,0.0
S2-DB-P2,exec,143,F1,F1 방향 필터가 허용 안 함,112,112,0.7832167832167832
S2-DB-P2,exec,143,F2,F2 저거래량·저변동성,0,0,0.0
S2-DB-P2,exec,143,F3,F3 이벤트(FOMC·CPI) 전후,0,0,0.0
S2-DB-P2,exec,143,F4,F4 이평 확산(과열),0,12,0.0
S2-DB-P2,exec,143,F5,F5 급등 쿨다운,7,32,0.04895104895104895
S2-DB-P2,exec,143,F6,F6 박스(트랩 2회 이상),12,89,0.08391608391608392
S2-DB-P2,exec,143,F7,F7 살아 있는 반대 마디,0,0,0.0
S2-DB-P2,exec,143,RISK_STOP_BAND,손절 폭이 0.4~2%·1~3 ATR 밖,11,113,0.07692307692307693
S2-DB-P2,exec,143,RISK_RR,순손익비 1.5 미만,1,14,0.006993006993006993
S2-DB-P2,exec,143,F8,F8 같은 마디에서 이미 2번 손절,0,0,0.0
S2-DB-P2,exec,143,F9,F9 포지션·대기 주문 보유 중,0,0,0.0
S2-DB-P2,exec,143,MASK_DND,방해 금지 시간(KST 00:30~07:30),0,0,0.0
S2-DB-P2,exec,143,MASK_DAILY_CAP,하루 승인 요청 6건 초과,0,0,0.0
S3-DA-P1,all,3412,PASSED,통과(실행한 계획),0,0,0.0
S3-DA-P1,all,3412,WARMUP,지표 준비 전(워밍업),27,27,0.007913247362250879
S3-DA-P1,all,3412,SC_CLOSE_VS_WAIST,시나리오 조건: 종가와 허리 위치,643,643,0.1884525205158265
S3-DA-P1,all,3412,SC_SLOPE60,시나리오 조건: 기울기 60 하락(L1a),0,0,0.0
S3-DA-P1,all,3412,SC_UNHEALTHY,시나리오 조건: 건강하지 않은 조정(거래량),0,0,0.0
S3-DA-P1,all,3412,SC_NO_TARGET,시나리오 조건: 목표(아래 스윙 저점) 없음(S3),0,0,0.0
S3-DA-P1,all,3412,SC_BAD_GEOMETRY,가격 순서 이상(손절·진입·목표),2,2,0.0005861664712778429
S3-DA-P1,all,3412,F1,F1 방향 필터가 허용 안 함,1113,1589,0.32620164126611956
S3-DA-P1,all,3412,F2,F2 저거래량·저변동성,16,45,0.004689331770222743
S3-DA-P1,all,3412,F3,F3 이벤트(FOMC·CPI) 전후,0,0,0.0
S3-DA-P1,all,3412,F4,F4 이평 확산(과열),353,631,0.10345838218053928
S3-DA-P1,all,3412,F5,F5 급등 쿨다운,317,737,0.0929073856975381
S3-DA-P1,all,3412,F6,F6 박스(트랩 2회 이상),658,2155,0.19284876905041032
S3-DA-P1,all,3412,F7,F7 살아 있는 반대 마디,116,1833,0.03399765533411489
S3-DA-P1,all,3412,RISK_STOP_BAND,손절 폭이 0.4~2%·1~3 ATR 밖,96,1922,0.02813599062133646
S3-DA-P1,all,3412,RISK_RR,순손익비 1.5 미만,71,3350,0.020808909730363423
S3-DA-P1,all,3412,F8,F8 같은 마디에서 이미 2번 손절,0,0,0.0
S3-DA-P1,all,3412,F9,F9 포지션·대기 주문 보유 중,0,0,0.0
S3-DA-P1,all,3412,MASK_DND,방해 금지 시간(KST 00:30~07:30),0,0,0.0
S3-DA-P1,all,3412,MASK_DAILY_CAP,하루 승인 요청 6건 초과,0,0,0.0
S3-DA-P1,exec,3412,PASSED,통과(실행한 계획),0,0,0.0
S3-DA-P1,exec,3412,WARMUP,지표 준비 전(워밍업),27,27,0.007913247362250879
S3-DA-P1,exec,3412,SC_CLOSE_VS_WAIST,시나리오 조건: 종가와 허리 위치,643,643,0.1884525205158265
S3-DA-P1,exec,3412,SC_SLOPE60,시나리오 조건: 기울기 60 하락(L1a),0,0,0.0
S3-DA-P1,exec,3412,SC_UNHEALTHY,시나리오 조건: 건강하지 않은 조정(거래량),0,0,0.0
S3-DA-P1,exec,3412,SC_NO_TARGET,시나리오 조건: 목표(아래 스윙 저점) 없음(S3),0,0,0.0
S3-DA-P1,exec,3412,SC_BAD_GEOMETRY,가격 순서 이상(손절·진입·목표),2,2,0.0005861664712778429
S3-DA-P1,exec,3412,F1,F1 방향 필터가 허용 안 함,1113,1589,0.32620164126611956
S3-DA-P1,exec,3412,F2,F2 저거래량·저변동성,16,45,0.004689331770222743
S3-DA-P1,exec,3412,F3,F3 이벤트(FOMC·CPI) 전후,0,0,0.0
S3-DA-P1,exec,3412,F4,F4 이평 확산(과열),353,631,0.10345838218053928
S3-DA-P1,exec,3412,F5,F5 급등 쿨다운,317,737,0.0929073856975381
S3-DA-P1,exec,3412,F6,F6 박스(트랩 2회 이상),658,2155,0.19284876905041032
S3-DA-P1,exec,3412,F7,F7 살아 있는 반대 마디,116,1833,0.03399765533411489
S3-DA-P1,exec,3412,RISK_STOP_BAND,손절 폭이 0.4~2%·1~3 ATR 밖,96,1922,0.02813599062133646
S3-DA-P1,exec,3412,RISK_RR,순손익비 1.5 미만,71,3350,0.020808909730363423
S3-DA-P1,exec,3412,F8,F8 같은 마디에서 이미 2번 손절,0,0,0.0
S3-DA-P1,exec,3412,F9,F9 포지션·대기 주문 보유 중,0,0,0.0
S3-DA-P1,exec,3412,MASK_DND,방해 금지 시간(KST 00:30~07:30),0,0,0.0
S3-DA-P1,exec,3412,MASK_DAILY_CAP,하루 승인 요청 6건 초과,0,0,0.0
S3-DA-P2,all,791,PASSED,통과(실행한 계획),0,0,0.0
S3-DA-P2,all,791,WARMUP,지표 준비 전(워밍업),34,34,0.04298356510745891
S3-DA-P2,all,791,SC_CLOSE_VS_WAIST,시나리오 조건: 종가와 허리 위치,183,183,0.23135271807838179
S3-DA-P2,all,791,SC_SLOPE60,시나리오 조건: 기울기 60 하락(L1a),0,0,0.0
S3-DA-P2,all,791,SC_UNHEALTHY,시나리오 조건: 건강하지 않은 조정(거래량),0,0,0.0
S3-DA-P2,all,791,SC_NO_TARGET,시나리오 조건: 목표(아래 스윙 저점) 없음(S3),0,0,0.0
S3-DA-P2,all,791,SC_BAD_GEOMETRY,가격 순서 이상(손절·진입·목표),0,0,0.0
S3-DA-P2,all,791,F1,F1 방향 필터가 허용 안 함,313,455,0.39570164348925413
S3-DA-P2,all,791,F2,F2 저거래량·저변동성,4,10,0.0050568900126422255
S3-DA-P2,all,791,F3,F3 이벤트(FOMC·CPI) 전후,0,0,0.0
S3-DA-P2,all,791,F4,F4 이평 확산(과열),54,144,0.06826801517067003
S3-DA-P2,all,791,F5,F5 급등 쿨다운,52,172,0.06573957016434892
S3-DA-P2,all,791,F6,F6 박스(트랩 2회 이상),93,459,0.11757269279393173
S3-DA-P2,all,791,F7,F7 살아 있는 반대 마디,33,417,0.041719342604298354
S3-DA-P2,all,791,RISK_STOP_BAND,손절 폭이 0.4~2%·1~3 ATR 밖,14,448,0.017699115044247787
S3-DA-P2,all,791,RISK_RR,순손익비 1.5 미만,11,748,0.01390644753476612
S3-DA-P2,all,791,F8,F8 같은 마디에서 이미 2번 손절,0,0,0.0
S3-DA-P2,all,791,F9,F9 포지션·대기 주문 보유 중,0,0,0.0
S3-DA-P2,all,791,MASK_DND,방해 금지 시간(KST 00:30~07:30),0,0,0.0
S3-DA-P2,all,791,MASK_DAILY_CAP,하루 승인 요청 6건 초과,0,0,0.0
S3-DA-P2,exec,791,PASSED,통과(실행한 계획),0,0,0.0
S3-DA-P2,exec,791,WARMUP,지표 준비 전(워밍업),34,34,0.04298356510745891
S3-DA-P2,exec,791,SC_CLOSE_VS_WAIST,시나리오 조건: 종가와 허리 위치,183,183,0.23135271807838179
S3-DA-P2,exec,791,SC_SLOPE60,시나리오 조건: 기울기 60 하락(L1a),0,0,0.0
S3-DA-P2,exec,791,SC_UNHEALTHY,시나리오 조건: 건강하지 않은 조정(거래량),0,0,0.0
S3-DA-P2,exec,791,SC_NO_TARGET,시나리오 조건: 목표(아래 스윙 저점) 없음(S3),0,0,0.0
S3-DA-P2,exec,791,SC_BAD_GEOMETRY,가격 순서 이상(손절·진입·목표),0,0,0.0
S3-DA-P2,exec,791,F1,F1 방향 필터가 허용 안 함,313,455,0.39570164348925413
S3-DA-P2,exec,791,F2,F2 저거래량·저변동성,4,10,0.0050568900126422255
S3-DA-P2,exec,791,F3,F3 이벤트(FOMC·CPI) 전후,0,0,0.0
S3-DA-P2,exec,791,F4,F4 이평 확산(과열),54,144,0.06826801517067003
S3-DA-P2,exec,791,F5,F5 급등 쿨다운,52,172,0.06573957016434892
S3-DA-P2,exec,791,F6,F6 박스(트랩 2회 이상),93,459,0.11757269279393173
S3-DA-P2,exec,791,F7,F7 살아 있는 반대 마디,33,417,0.041719342604298354
S3-DA-P2,exec,791,RISK_STOP_BAND,손절 폭이 0.4~2%·1~3 ATR 밖,14,448,0.017699115044247787
S3-DA-P2,exec,791,RISK_RR,순손익비 1.5 미만,11,748,0.01390644753476612
S3-DA-P2,exec,791,F8,F8 같은 마디에서 이미 2번 손절,0,0,0.0
S3-DA-P2,exec,791,F9,F9 포지션·대기 주문 보유 중,0,0,0.0
S3-DA-P2,exec,791,MASK_DND,방해 금지 시간(KST 00:30~07:30),0,0,0.0
S3-DA-P2,exec,791,MASK_DAILY_CAP,하루 승인 요청 6건 초과,0,0,0.0
S3-DB-P1,all,3412,PASSED,통과(실행한 계획),0,0,0.0
S3-DB-P1,all,3412,WARMUP,지표 준비 전(워밍업),27,27,0.007913247362250879
S3-DB-P1,all,3412,SC_CLOSE_VS_WAIST,시나리오 조건: 종가와 허리 위치,643,643,0.1884525205158265
S3-DB-P1,all,3412,SC_SLOPE60,시나리오 조건: 기울기 60 하락(L1a),0,0,0.0
S3-DB-P1,all,3412,SC_UNHEALTHY,시나리오 조건: 건강하지 않은 조정(거래량),0,0,0.0
S3-DB-P1,all,3412,SC_NO_TARGET,시나리오 조건: 목표(아래 스윙 저점) 없음(S3),0,0,0.0
S3-DB-P1,all,3412,SC_BAD_GEOMETRY,가격 순서 이상(손절·진입·목표),2,2,0.0005861664712778429
S3-DB-P1,all,3412,F1,F1 방향 필터가 허용 안 함,1361,1939,0.3988862837045721
S3-DB-P1,all,3412,F2,F2 저거래량·저변동성,11,45,0.003223915592028136
S3-DB-P1,all,3412,F3,F3 이벤트(FOMC·CPI) 전후,0,0,0.0
S3-DB-P1,all,3412,F4,F4 이평 확산(과열),354,631,0.10375146541617819
S3-DB-P1,all,3412,F5,F5 급등 쿨다운,251,737,0.07356389214536929
S3-DB-P1,all,3412,F6,F6 박스(트랩 2회 이상),517,2155,0.1515240328253224
S3-DB-P1,all,3412,F7,F7 살아 있는 반대 마디,59,1833,0.017291910902696366
S3-DB-P1,all,3412,RISK_STOP_BAND,손절 폭이 0.4~2%·1~3 ATR 밖,103,1922,0.03018757327080891
S3-DB-P1,all,3412,RISK_RR,순손익비 1.5 미만,84,3350,0.0246189917936694
S3-DB-P1,all,3412,F8,F8 같은 마디에서 이미 2번 손절,0,0,0.0
S3-DB-P1,all,3412,F9,F9 포지션·대기 주문 보유 중,0,0,0.0
S3-DB-P1,all,3412,MASK_DND,방해 금지 시간(KST 00:30~07:30),0,0,0.0
S3-DB-P1,all,3412,MASK_DAILY_CAP,하루 승인 요청 6건 초과,0,0,0.0
S3-DB-P1,exec,3412,PASSED,통과(실행한 계획),0,0,0.0
S3-DB-P1,exec,3412,WARMUP,지표 준비 전(워밍업),27,27,0.007913247362250879
S3-DB-P1,exec,3412,SC_CLOSE_VS_WAIST,시나리오 조건: 종가와 허리 위치,643,643,0.1884525205158265
S3-DB-P1,exec,3412,SC_SLOPE60,시나리오 조건: 기울기 60 하락(L1a),0,0,0.0
S3-DB-P1,exec,3412,SC_UNHEALTHY,시나리오 조건: 건강하지 않은 조정(거래량),0,0,0.0
S3-DB-P1,exec,3412,SC_NO_TARGET,시나리오 조건: 목표(아래 스윙 저점) 없음(S3),0,0,0.0
S3-DB-P1,exec,3412,SC_BAD_GEOMETRY,가격 순서 이상(손절·진입·목표),2,2,0.0005861664712778429
S3-DB-P1,exec,3412,F1,F1 방향 필터가 허용 안 함,1361,1939,0.3988862837045721
S3-DB-P1,exec,3412,F2,F2 저거래량·저변동성,11,45,0.003223915592028136
S3-DB-P1,exec,3412,F3,F3 이벤트(FOMC·CPI) 전후,0,0,0.0
S3-DB-P1,exec,3412,F4,F4 이평 확산(과열),354,631,0.10375146541617819
S3-DB-P1,exec,3412,F5,F5 급등 쿨다운,251,737,0.07356389214536929
S3-DB-P1,exec,3412,F6,F6 박스(트랩 2회 이상),517,2155,0.1515240328253224
S3-DB-P1,exec,3412,F7,F7 살아 있는 반대 마디,59,1833,0.017291910902696366
S3-DB-P1,exec,3412,RISK_STOP_BAND,손절 폭이 0.4~2%·1~3 ATR 밖,103,1922,0.03018757327080891
S3-DB-P1,exec,3412,RISK_RR,순손익비 1.5 미만,84,3350,0.0246189917936694
S3-DB-P1,exec,3412,F8,F8 같은 마디에서 이미 2번 손절,0,0,0.0
S3-DB-P1,exec,3412,F9,F9 포지션·대기 주문 보유 중,0,0,0.0
S3-DB-P1,exec,3412,MASK_DND,방해 금지 시간(KST 00:30~07:30),0,0,0.0
S3-DB-P1,exec,3412,MASK_DAILY_CAP,하루 승인 요청 6건 초과,0,0,0.0
S3-DB-P2,all,791,PASSED,통과(실행한 계획),0,0,0.0
S3-DB-P2,all,791,WARMUP,지표 준비 전(워밍업),34,34,0.04298356510745891
S3-DB-P2,all,791,SC_CLOSE_VS_WAIST,시나리오 조건: 종가와 허리 위치,183,183,0.23135271807838179
S3-DB-P2,all,791,SC_SLOPE60,시나리오 조건: 기울기 60 하락(L1a),0,0,0.0
S3-DB-P2,all,791,SC_UNHEALTHY,시나리오 조건: 건강하지 않은 조정(거래량),0,0,0.0
S3-DB-P2,all,791,SC_NO_TARGET,시나리오 조건: 목표(아래 스윙 저점) 없음(S3),0,0,0.0
S3-DB-P2,all,791,SC_BAD_GEOMETRY,가격 순서 이상(손절·진입·목표),0,0,0.0
S3-DB-P2,all,791,F1,F1 방향 필터가 허용 안 함,329,488,0.415929203539823
S3-DB-P2,all,791,F2,F2 저거래량·저변동성,5,10,0.006321112515802781
S3-DB-P2,all,791,F3,F3 이벤트(FOMC·CPI) 전후,0,0,0.0
S3-DB-P2,all,791,F4,F4 이평 확산(과열),57,144,0.07206068268015171
S3-DB-P2,all,791,F5,F5 급등 쿨다운,39,172,0.0493046776232617
S3-DB-P2,all,791,F6,F6 박스(트랩 2회 이상),92,459,0.11630847029077118
S3-DB-P2,all,791,F7,F7 살아 있는 반대 마디,21,417,0.02654867256637168
S3-DB-P2,all,791,RISK_STOP_BAND,손절 폭이 0.4~2%·1~3 ATR 밖,20,448,0.025284450063211124
S3-DB-P2,all,791,RISK_RR,순손익비 1.5 미만,11,748,0.01390644753476612
S3-DB-P2,all,791,F8,F8 같은 마디에서 이미 2번 손절,0,0,0.0
S3-DB-P2,all,791,F9,F9 포지션·대기 주문 보유 중,0,0,0.0
S3-DB-P2,all,791,MASK_DND,방해 금지 시간(KST 00:30~07:30),0,0,0.0
S3-DB-P2,all,791,MASK_DAILY_CAP,하루 승인 요청 6건 초과,0,0,0.0
S3-DB-P2,exec,791,PASSED,통과(실행한 계획),0,0,0.0
S3-DB-P2,exec,791,WARMUP,지표 준비 전(워밍업),34,34,0.04298356510745891
S3-DB-P2,exec,791,SC_CLOSE_VS_WAIST,시나리오 조건: 종가와 허리 위치,183,183,0.23135271807838179
S3-DB-P2,exec,791,SC_SLOPE60,시나리오 조건: 기울기 60 하락(L1a),0,0,0.0
S3-DB-P2,exec,791,SC_UNHEALTHY,시나리오 조건: 건강하지 않은 조정(거래량),0,0,0.0
S3-DB-P2,exec,791,SC_NO_TARGET,시나리오 조건: 목표(아래 스윙 저점) 없음(S3),0,0,0.0
S3-DB-P2,exec,791,SC_BAD_GEOMETRY,가격 순서 이상(손절·진입·목표),0,0,0.0
S3-DB-P2,exec,791,F1,F1 방향 필터가 허용 안 함,329,488,0.415929203539823
S3-DB-P2,exec,791,F2,F2 저거래량·저변동성,5,10,0.006321112515802781
S3-DB-P2,exec,791,F3,F3 이벤트(FOMC·CPI) 전후,0,0,0.0
S3-DB-P2,exec,791,F4,F4 이평 확산(과열),57,144,0.07206068268015171
S3-DB-P2,exec,791,F5,F5 급등 쿨다운,39,172,0.0493046776232617
S3-DB-P2,exec,791,F6,F6 박스(트랩 2회 이상),92,459,0.11630847029077118
S3-DB-P2,exec,791,F7,F7 살아 있는 반대 마디,21,417,0.02654867256637168
S3-DB-P2,exec,791,RISK_STOP_BAND,손절 폭이 0.4~2%·1~3 ATR 밖,20,448,0.025284450063211124
S3-DB-P2,exec,791,RISK_RR,순손익비 1.5 미만,11,748,0.01390644753476612
S3-DB-P2,exec,791,F8,F8 같은 마디에서 이미 2번 손절,0,0,0.0
S3-DB-P2,exec,791,F9,F9 포지션·대기 주문 보유 중,0,0,0.0
S3-DB-P2,exec,791,MASK_DND,방해 금지 시간(KST 00:30~07:30),0,0,0.0
S3-DB-P2,exec,791,MASK_DAILY_CAP,하루 승인 요청 6건 초과,0,0,0.0
