position_id,signal_id,subsystem_n,side,state,signal_close_ms,decision_ms,approved_ms,entry_ms,entry_price,stop,risk_per_unit,qty,exit_ms,exit_price,exit_reason,fees,slippage,funding,gross_pnl,net_pnl,r_multiple,entry_utc,exit_utc
1,4HID5XWLBTORGJJ7,20,1,CLOSED,1580256000000,1580256060000,1580257860000,1580258100000,9375.01,8651.2,736.4283469999995,0.0678952680239508,1581986100000,9666.0,trend,9.520505,3.808202,392.9833428562999,290.9899999999998,-115.32204985630011,-0.15659642968129822,2020-01-29T00:35:00Z,2020-02-18T00:35:00Z
2,QVPV4Z4BROXM4NFW,20,1,CLOSED,1585872000000,1585872060000,1585873860000,1585874100000,6769.22,5307.5,1470.1737040000003,0.03400958666582163,1586997300000,6531.95,trend,6.650585,2.660234,1.550863991900001,-237.27000000000044,-248.13168299190045,-0.16877711954498434,2020-04-03T00:35:00Z,2020-04-16T00:35:00Z
3,EF25BYU5LIIYTKH2,20,1,CLOSED,1587686400000,1587686460000,1587688260000,1587688500000,7487.66,6788.9,708.7535920000001,0.07054637967887716,1589243700000,8608.85,trend,8.048255000000001,3.2193020000000003,85.08513061170002,1121.1900000000005,1024.8373123883007,1.445971242976502,2020-04-24T00:35:00Z,2020-05-12T00:35:00Z
4,IP6R6XQZNOA2PVCB,55,1,CLOSED,1588464000000,1588464060000,1588465860000,1588466100000,9115.41,8287.4,840.1919670000002,0.05951020952810417,1589070000000,8287.4,stop,8.701405000000001,3.480562,47.86238353969999,-828.0100000000002,-888.0543505397002,-1.0569660094592406,2020-05-03T00:35:00Z,2020-05-10T00:20:00Z
5,QXKSWDBDMIPH3VD5,20,1,CLOSED,1591056000000,1591056060000,1591057860000,1591058100000,10196.31,9243.2,966.7176569999988,0.05172140969801285,1591894500000,9243.2,stop,9.719755000000001,3.8879020000000004,34.899120863,-953.1099999999988,-1001.6167778629988,-1.0361006345651138,2020-06-02T00:35:00Z,2020-06-11T16:55:00Z
6,JQXRJRTBXAWTM3L4,55,1,CLOSED,1591056000000,1591056060000,1591057860000,1591058100000,10196.31,9243.2,966.7176569999988,0.05172140969801285,1591894500000,9243.2,stop,9.719755000000001,3.8879020000000004,34.899120863,-953.1099999999988,-1001.6167778629988,-1.0361006345651138,2020-06-02T00:35:00Z,2020-06-11T16:55:00Z
7,4EADDHRM5I67K2UH,100,1,CLOSED,1591056000000,1591056060000,1591057860000,1591058100000,10196.31,9243.2,966.7176569999988,0.05172140969801285,1591894500000,9243.2,stop,9.719755000000001,3.8879020000000004,34.899120863,-953.1099999999988,-1001.6167778629988,-1.0361006345651138,2020-06-02T00:35:00Z,2020-06-11T16:55:00Z
8,OBOONYTKTMOFX4TD,20,1,CLOSED,1595462400000,1595462460000,1595464260000,1595464500000,9514.0,9150.2,376.8649399999993,0.1326735248972751,1598402100000,11286.49,trend,10.400245,4.160098,403.42796426149994,1772.4899999999998,1354.5016927384997,3.5941302810988525,2020-07-23T00:35:00Z,2020-08-26T00:35:00Z
9,U7JLZ6BXE6OPFFEP,55,1,CLOSED,1595894400000,1595894460000,1595896260000,1595896500000,11161.89,10757.1,420.133292999999,0.11900984957171704,1595923800000,10757.1,stop,10.959495,4.3837980000000005,13.3003359804,-404.78999999999905,-433.4336289803991,-1.031657419685614,2020-07-28T00:35:00Z,2020-07-28T08:10:00Z
10,KOBHVFB7UITLOC2R,100,1,CLOSED,1595894400000,1595894460000,1595896260000,1595896500000,11161.89,10757.1,420.133292999999,0.11900984957171704,1595923800000,10757.1,stop,10.959495,4.3837980000000005,13.3003359804,-404.78999999999905,-433.4336289803991,-1.031657419685614,2020-07-28T00:35:00Z,2020-07-28T08:10:00Z
11,GJ6JQEPSF2WI3LAA,55,1,CLOSED,1596067200000,1596067260000,1596069060000,1596069300000,11093.98,10505.8,603.2998460000003,0.08287752820013147,1596343200000,10505.8,stop,10.79989,4.319956,57.1457983147,-588.1800000000003,-660.4456443147003,-1.0947220502269115,2020-07-30T00:35:00Z,2020-08-02T04:40:00Z
12,Q2KAQWJCTVFSUPAJ,100,1,CLOSED,1596067200000,1596067260000,1596069060000,1596069300000,11093.98,10505.8,603.2998460000003,0.08287752820013147,1596343200000,10505.8,stop,10.79989,4.319956,57.1457983147,-588.1800000000003,-660.4456443147003,-1.0947220502269115,2020-07-30T00:35:00Z,2020-08-02T04:40:00Z
13,CHJMSK4IV26SWUNE,55,1,CLOSED,1597104000000,1597104060000,1597105860000,1597106100000,11888.41,10789.3,1114.9843970000006,0.044843676857300424,1599135900000,10789.3,stop,11.338854999999999,4.5355419999999995,197.6802083796,-1099.1100000000006,-1312.6646053796007,-1.177294147713172,2020-08-11T00:35:00Z,2020-09-03T12:25:00Z
14,EEAT3CHAMUE4VWOE,100,1,CLOSED,1597104000000,1597104060000,1597105860000,1597106100000,11888.41,10789.3,1114.9843970000006,0.044843676857300424,1599135900000,10789.3,stop,11.338854999999999,4.5355419999999995,197.6802083796,-1099.1100000000006,-1312.6646053796007,-1.177294147713172,2020-08-11T00:35:00Z,2020-09-03T12:25:00Z
15,EXWWUAJEA3I4MEQG,20,1,CLOSED,1602374400000,1602374460000,1602376260000,1602376500000,11292.59,10683.1,624.8729829999997,0.08001626148077524,1606523700000,17050.0,trend,14.171295,5.668518000000001,375.8688841476,5757.41,5361.7013028524,8.580465868617017,2020-10-11T00:35:00Z,2020-11-28T00:35:00Z
16,AVGGW6POEU7JTP64,55,1,CLOSED,1603324800000,1603324860000,1603326660000,1603326900000,12870.16,12266.6,621.1557319999995,0.08049511165100226,1619224500000,50289.78,trend,31.57997,12.631988,10710.569967971096,37419.619999999995,26664.8380740289,42.92778235849705,2020-10-22T00:35:00Z,2021-04-24T00:35:00Z
17,LWEGIYSFJOWB26NA,100,1,CLOSED,1603324800000,1603324860000,1603326660000,1603326900000,12870.16,12266.6,621.1557319999995,0.08049511165100226,1621125300000,47161.89,trend,30.016025,12.006409999999999,11875.554499116197,34291.729999999996,22374.153065883802,36.02019898269862,2020-10-22T00:35:00Z,2021-05-16T00:35:00Z
18,FTRCTTBN3HAIBFY2,20,1,CLOSED,1606780800000,1606780860000,1606782660000,1606782900000,19658.1,17668.5,2015.7286199999985,0.024804926369503072,1607502600000,17668.5,stop,18.6633,7.46532,58.033824450500006,-1989.5999999999985,-2073.7624444504986,-1.0287904948487065,2020-12-01T00:35:00Z,2020-12-09T08:30:00Z
19,NZ4PPIL7NH5WQPBJ,20,1,CLOSED,1608163200000,1608163260000,1608165060000,1608165300000,21266.33,19265.7,2029.002421000001,0.02464265172012822,1611275700000,29493.52,trend,25.379925,10.151970000000002,2213.2375296853,8227.189999999999,5978.4205753147,2.9464827214785747,2020-12-17T00:35:00Z,2021-01-22T00:35:00Z
20,BVUPDQUCEIGQ56A3,20,1,CLOSED,1612569600000,1612569660000,1612571460000,1612571700000,38567.84,32402.6,6214.919307999998,0.008045156746546775,1614299700000,46430.62,trend,42.49923,16.999692,2971.1986019365004,7862.780000000006,4832.082476063505,0.7774972186434551,2021-02-06T00:35:00Z,2021-02-26T00:35:00Z
21,C6CWBVXPXYUVF43O,20,1,CLOSED,1615507200000,1615507260000,1615509060000,1615509300000,57182.09,48328.5,8927.447412999996,0.005600705071327651,1616459700000,54579.3,trend,55.880695,22.352278,880.1348180509999,-2602.7899999999936,-3561.157791050993,-0.3988998900027455,2021-03-12T00:35:00Z,2021-03-23T00:35:00Z
22,O3VWL7M2QKJZXZB2,20,1,CLOSED,1617667200000,1617667260000,1617669060000,1617669300000,59363.76,53083.7,6358.773222000005,0.007863151940536363,1618716000000,53083.7,stop,56.22373,22.489492,1720.3871218639001,-6280.060000000005,-8079.160343863905,-1.2705533067151578,2021-04-06T00:35:00Z,2021-04-18T03:20:00Z
23,FMHZ4RZH7GHZZGCA,20,1,CLOSED,1620518400000,1620518460000,1620520260000,1620520500000,58960.18,51322.4,7714.977805999999,0.006480900043693529,1620861900000,51322.4,stop,55.14129,22.056516000000002,307.6917730944,-7637.779999999999,-8022.669579094398,-1.0398823925138325,2021-05-09T00:35:00Z,2021-05-12T23:25:00Z
24,QCQGNO6PFXS2OBFI,20,1,CLOSED,1623715200000,1623715260000,1623717060000,1623717300000,40589.24,34268.1,6373.540137999999,0.007844933728728328,1624149300000,35299.21,trend,37.944225,15.17769,38.40435761380001,-5290.029999999999,-5381.5562726138,-0.84435904632155,2021-06-15T00:35:00Z,2021-06-20T00:35:00Z
25,YQXEF4T5CNILBVK3,20,1,CLOSED,1627257600000,1627257660000,1627259460000,1627259700000,35790.53,32584.8,3253.5927309999993,0.015367627153701068,1631061300000,47059.35,trend,41.42494,16.569976,868.4957989727999,11268.82,10342.3292850272,3.1787412070620347,2021-07-26T00:35:00Z,2021-09-08T00:35:00Z
26,KNOOTOC3X52FN2ET,55,1,CLOSED,1627689600000,1627689660000,1627691460000,1627691700000,41826.56,37376.9,4505.102421999996,0.011098526807255801,1628167500000,37376.9,stop,39.60173,15.840692,60.268154164,-4449.659999999996,-4565.370576163997,-1.0133777544922598,2021-07-31T00:35:00Z,2021-08-05T12:45:00Z
27,D32P4UWF6O737TCL,55,1,CLOSED,1628294400000,1628294460000,1628296260000,1628296500000,42831.5,37519.3,5368.445559999997,0.009313682972320209,1632184500000,40982.1,trend,41.906800000000004,16.76272,928.6654757950002,-1849.4000000000015,-2836.734995795002,-0.5284090085464149,2021-08-07T00:35:00Z,2021-09-21T00:35:00Z
28,74OR5PGMXMWCXVEM,100,1,CLOSED,1629763200000,1629763260000,1629765060000,1629765300000,49334.7,44293.7,5106.53988,0.009791365812265036,1631027100000,44293.7,stop,46.8142,18.725679999999997,448.81174826140006,-5041.0,-5555.351628261399,-1.0878896001613914,2021-08-24T00:35:00Z,2021-09-07T15:05:00Z
29,FYPRGWMF7PYZORPA,20,1,CLOSED,1633392000000,1633392060000,1633393860000,1633394100000,49179.5,44077.0,5167.77955,0.009675335318821794,1635294900000,60724.99,trend,54.952245000000005,21.980898,958.6407707670002,11545.489999999998,10509.916086232997,2.033739246139669,2021-10-05T00:35:00Z,2021-10-27T00:35:00Z
30,DSBFWOSTO5YWUKY5,55,1,CLOSED,1633564800000,1633564860000,1633566660000,1633566900000,54740.74,49519.0,5294.721817999998,0.00944336675630803,1637282100000,57244.71,trend,55.992725,22.39709,2241.7592710957006,2503.970000000001,183.8209139043006,0.03471776614956066,2021-10-07T00:35:00Z,2021-11-19T00:35:00Z
31,XLUHUZ4YJJAKCA6N,100,1,CLOSED,1633564800000,1633564860000,1633566660000,1633566900000,54740.74,49519.0,5294.721817999998,0.00944336675630803,1637973300000,54306.69,trend,54.523715,21.809486,2406.2305091972,-434.04999999999563,-2916.6137101971954,-0.5508530590373684,2021-10-07T00:35:00Z,2021-11-27T00:35:00Z
32,KLNOZOAL7HC2AZDD,20,1,CLOSED,1636416000000,1636416060000,1636417860000,1636418100000,67577.99,61567.1,6101.291563000007,0.008194986173618456,1637024400000,61567.1,stop,64.57254499999999,25.829018000000005,417.3379822908,-6010.890000000007,-6518.629545290807,-1.0684015798919786,2021-11-09T00:35:00Z,2021-11-16T01:00:00Z
33,IXJGBZDGPFS7HJH5,20,1,CLOSED,1644192000000,1644192060000,1644193860000,1644194100000,41779.48,37187.3,4647.456746000001,0.010758572426313442,1645144500000,40554.3,trend,41.16689000000001,16.466756000000004,83.53530054930002,-1225.1800000000003,-1366.3489465493003,-0.2939992820213544,2022-02-07T00:35:00Z,2022-02-18T00:35:00Z
34,UMIJI3SHKSWO35ON,20,1,CLOSED,1648080000000,1648080060000,1648081860000,1648082100000,42837.5,38644.1,4250.437120000001,0.011763495986031663,1649291700000,43497.1,trend,43.1673,17.26692,155.58955001199996,659.5999999999985,443.5762299879986,0.10436014401925758,2022-03-24T00:35:00Z,2022-04-07T00:35:00Z
35,2ANJ32TCOCMJQ7J3,55,1,CLOSED,1648425600000,1648425660000,1648427460000,1648427700000,47415.3,43583.3,3895.69902,0.012834667088834805,1649262900000,43583.3,stop,45.499300000000005,18.199720000000003,132.88316562,-3832.0,-4028.58218562,-1.034110223848864,2022-03-28T00:35:00Z,2022-04-06T16:35:00Z
36,Y6HNSG2FJ3L7NCSF,20,1,CLOSED,1653955200000,1653955260000,1653957060000,1653957300000,31576.8,27830.8,3787.58532,0.01320102275610256,1654907700000,29162.6,trend,30.369699999999998,12.14788,56.289460512000005,-2414.2000000000007,-2513.007040512001,-0.6634852625608975,2022-05-31T00:35:00Z,2022-06-11T00:35:00Z
37,IF2P5KSOFKZNMY6O,20,1,CLOSED,1657238400000,1657238460000,1657240260000,1657240500000,21582.7,18941.5,2669.5669400000006,0.018729629608014244,1657716000000,18941.5,stop,20.262100000000004,8.104840000000001,23.839228839000004,-2641.2000000000007,-2693.4061688390007,-1.0089299985259033,2022-07-08T00:35:00Z,2022-07-13T12:40:00Z
38,DBPY655CPRHWFGDD,20,1,CLOSED,1658188800000,1658188860000,1658190660000,1658190900000,22380.0,20140.3,2269.464210000001,0.02203163186257076,1660955700000,21059.6,trend,21.7198,8.68792,129.220719159,-1320.4000000000015,-1480.0284391590017,-0.6521488343537266,2022-07-19T00:35:00Z,2022-08-20T00:35:00Z
39,3ZM4JIEMHVLLT4XL,55,1,CLOSED,1660176000000,1660176060000,1660177860000,1660178100000,23915.8,21864.1,2083.7459300000005,0.02399524782755064,1660890900000,21864.1,stop,22.88995,9.15598,19.050959447,-2051.7000000000007,-2102.7968894470005,-1.0091426498656677,2022-08-11T00:35:00Z,2022-08-19T06:35:00Z
40,FTWZQCXOQ4IB7O6M,20,1,CLOSED,1662854400000,1662854460000,1662856260000,1662856500000,21574.6,19850.6,1752.99764,0.028522571199810626,1663105200000,19850.6,stop,20.712600000000002,8.28504,16.373667748000003,-1724.0,-1769.3713077480002,-1.0093403820828875,2022-09-11T00:35:00Z,2022-09-13T21:40:00Z
41,JTFV4SIQYKXMW56A,20,1,CLOSED,1664928000000,1664928060000,1664929860000,1664930100000,20207.6,18372.4,1862.2059999999972,0.026849875899873633,1665664200000,18372.4,stop,19.29,7.716000000000001,38.971007287999996,-1835.199999999997,-1901.177007287997,-1.0209273341875174,2022-10-05T00:35:00Z,2022-10-13T12:30:00Z
42,HTUZI3DRP6FLJLLJ,20,1,CLOSED,1666828800000,1666828860000,1666830660000,1666830900000,20728.8,19597.5,1159.5284099999994,0.04312097881241222,1667880600000,19597.5,stop,20.16315,8.06526,27.627350351,-1131.2999999999993,-1187.1557603509993,-1.0238263677825712,2022-10-27T00:35:00Z,2022-11-08T04:10:00Z
43,2NMNLZTPFRJLBBGY,20,1,CLOSED,1670544000000,1670544060000,1670545860000,1670546100000,17207.9,16300.1,931.2556000000011,0.05369095230138744,1671237300000,16712.3,trend,16.9601,6.784040000000001,16.411281115999998,-495.6000000000022,-535.7554211160023,-0.5753043752069804,2022-12-09T00:35:00Z,2022-12-17T00:35:00Z
44,CAMTEU2UYDK6AZMY,20,1,CLOSED,1673049600000,1673049660000,1673051460000,1673051700000,16939.2,16405.9,556.6415699999992,0.08982440891002817,1675730100000,22804.7,trend,19.87195,7.948780000000001,194.916425991,5865.5,5642.762844009,10.137156741651559,2023-01-07T00:35:00Z,2023-02-07T00:35:00Z
45,TIGV6YKGYPBXZHT6,55,1,CLOSED,1673481600000,1673481660000,1673483460000,1673483700000,17942.6,17466.7,500.68650999999784,0.09986288625990786,1678408500000,20147.6,trend,19.045099999999998,7.61804,331.24235804299985,2205.0,1847.0945019570004,3.6891237632046616,2023-01-12T00:35:00Z,2023-03-10T00:35:00Z
46,XGMRAJ2AAGCDVB22,100,1,CLOSED,1674259200000,1674259260000,1674261060000,1674261300000,22637.0,21490.5,1177.38925,0.04246683923774572,1676043900000,21490.5,stop,22.06375,8.8255,140.40040742099995,-1146.5,-1317.789657421,-1.119247230617232,2023-01-21T00:35:00Z,2023-02-10T15:45:00Z
47,BWZPZMHL7Z5VXN56,20,1,CLOSED,1676505600000,1676505660000,1676507460000,1676507700000,24698.0,23276.4,1455.1820799999985,0.03435996133212419,1677254400000,23276.4,stop,23.9872,9.59488,60.01104546399999,-1421.5999999999985,-1515.1931254639987,-1.041239544032868,2023-02-16T00:35:00Z,2023-02-24T16:00:00Z
48,A4J752AOBRY7MZPT,100,1,CLOSED,1676505600000,1676505660000,1676507460000,1676507700000,24698.0,23276.4,1455.1820799999985,0.03435996133212419,1677254400000,23276.4,stop,23.9872,9.59488,60.01104546399999,-1421.5999999999985,-1515.1931254639987,-1.041239544032868,2023-02-16T00:35:00Z,2023-02-24T16:00:00Z
49,TPWDDQ5GBA6IRDYW,20,1,CLOSED,1678838400000,1678838460000,1678840260000,1678840500000,24434.5,22472.0,1995.33455,0.0250584544832344,1682037300000,28119.3,trend,26.276899999999998,10.510760000000001,169.17255663900005,3684.7999999999993,3478.8397833609993,1.7434869673163327,2023-03-15T00:35:00Z,2023-04-21T00:35:00Z
50,MWGF53T4KP7V6CTO,55,1,CLOSED,1679011200000,1679011260000,1679013060000,1679013300000,24907.1,22748.9,2191.559199999997,0.022814806919201666,1683851700000,26934.0,trend,25.92055,10.36822,240.594243535,2026.9000000000015,1750.0169864650013,0.7985259930304432,2023-03-17T00:35:00Z,2023-05-12T00:35:00Z
51,RJLC7PNA7INEEQG4,100,1,CLOSED,1679011200000,1679011260000,1679013060000,1679013300000,24907.1,22748.9,2191.559199999997,0.022814806919201666,1683851700000,26934.0,trend,25.92055,10.36822,240.594243535,2026.9000000000015,1750.0169864650013,0.7985259930304432,2023-03-17T00:35:00Z,2023-05-12T00:35:00Z
52,WWDHZ77JYT26XUPH,20,1,CLOSED,1685318400000,1685318460000,1685320260000,1685320500000,28252.9,26638.9,1652.42426,0.030258572940583674,1685587800000,26638.9,stop,27.4459,10.978360000000002,15.490117284999998,-1614.0,-1667.914377285,-1.0093741768745275,2023-05-29T00:35:00Z,2023-06-01T02:50:00Z
53,YFTU3QVT3JSIXXKJ,20,1,CLOSED,1687305600000,1687305660000,1687307460000,1687307700000,28324.8,26476.9,1886.261189999998,0.026507463687995433,1688690100000,29899.8,trend,29.112299999999998,11.644919999999999,134.45597166299999,1575.0,1399.7868083370001,0.7420959598585611,2023-06-21T00:35:00Z,2023-07-07T00:35:00Z
54,YZ7FE5Z2H6ZWTVJD,55,1,CLOSED,1687392000000,1687392060000,1687393860000,1687394100000,30206.2,28281.8,1965.3416000000016,0.02544086992307086,1689899700000,29767.2,trend,29.986700000000003,11.99468,188.59131372199994,-439.0,-669.5726937219999,-0.3406902361004313,2023-06-22T00:35:00Z,2023-07-21T00:35:00Z
55,UBTZHXORXRYIYXEJ,100,1,CLOSED,1687564800000,1687564860000,1687566660000,1687566900000,30588.8,28463.1,2167.036330000001,0.023072986505953033,1692232500000,28727.6,trend,29.6582,11.86328,360.280477355,-1861.2000000000007,-2263.0019573550007,-1.0442842724999446,2023-06-24T00:35:00Z,2023-08-17T00:35:00Z
56,UMD5MXEE625DIOPL,20,1,CLOSED,1689292800000,1689292860000,1689294660000,1689294900000,31447.1,29734.8,1755.1273299999993,0.02848796161130943,1689619500000,29734.8,stop,30.59095,12.23638,14.809883143,-1712.2999999999993,-1769.9372131429993,-1.0084380676489153,2023-07-14T00:35:00Z,2023-07-17T18:45:00Z
57,V3ELGDEFLASLKHPT,20,1,CLOSED,1696204800000,1696204860000,1696206660000,1696206660000,27950.0,26659.1,1329.1263700000013,0.03761869535400155,1697040720000,26659.1,stop,27.30455,10.92182,18.090400135,-1290.9000000000015,-1347.2167701350015,-1.0136107450302112,2023-10-02T00:31:00Z,2023-10-11T16:12:00Z
58,HVPWJZHQKKGBQQJH,20,1,CLOSED,1697500800000,1697500860000,1697502660000,1697502660000,28321.1,26977.2,1382.608809999998,0.036163519021696434,1703896260000,42162.6,trend,35.24185,14.09674,1103.5372629540002,13841.5,12688.624147045999,9.177306014017095,2023-10-17T00:31:00Z,2023-12-30T00:31:00Z
59,FK4AGJB7MIC5G3ZP,55,1,CLOSED,1697500800000,1697500860000,1697502660000,1697502660000,28321.1,26977.2,1382.608809999998,0.036163519021696434,1705624260000,41148.1,trend,34.7346,13.89384,1513.685843152,12827.0,11264.685716848,8.147413523893297,2023-10-17T00:31:00Z,2024-01-19T00:31:00Z
60,JXHJGQQGMAEI7Q7B,100,1,CLOSED,1698105600000,1698105660000,1698107460000,1698107460000,33332.9,31635.0,1743.3775300000016,0.028679961247406897,1705969860000,39749.2,trend,36.54105,14.616420000000002,1555.2320319219998,6416.299999999996,4809.910498077996,2.7589609337674506,2023-10-24T00:31:00Z,2024-01-23T00:31:00Z
61,MKHTYFKJ73BJRIOQ,20,1,CLOSED,1704153600000,1704153660000,1704155460000,1704155460000,44691.1,41598.0,3153.5023699999983,0.015855386847227905,1704283680000,41598.0,stop,43.144549999999995,17.257820000000002,57.526743862000004,-3093.0999999999985,-3211.029113861998,-1.018242175559868,2024-01-02T00:31:00Z,2024-01-03T12:08:00Z
62,EX73QBEAQF4FUH3R,20,1,CLOSED,1704758400000,1704758460000,1704760260000,1704760260000,46899.5,43554.2,3408.617590000003,0.014668703273340779,1705077420000,43554.2,stop,45.22685,18.09074,50.75676,-3345.300000000003,-3459.3743500000032,-1.0148907170311234,2024-01-09T00:31:00Z,2024-01-12T16:37:00Z
63,HF6XBT5HQ2JIBMNK,20,1,CLOSED,1707350400000,1707350460000,1707352260000,1707352260000,44459.4,41910.1,2609.758650000003,0.019158859766591804,1710635460000,66032.4,trend,55.2459,22.09836,2043.033160393,21572.999999999993,19452.622579606992,7.453801361902554,2024-02-08T00:31:00Z,2024-03-17T00:31:00Z
64,EYMUWD7IC45LSTNA,55,1,CLOSED,1707523200000,1707523260000,1707525060000,1707525060000,47184.6,44759.1,2489.8605900000002,0.020081445604149265,1713400260000,61039.8,trend,54.1122,21.64488,3183.444460475003,13855.200000000004,10595.998459525003,4.255659333732015,2024-02-10T00:31:00Z,2024-04-18T00:31:00Z
65,TJW6IGBLYNMG4OAV,100,1,CLOSED,1707523200000,1707523260000,1707525060000,1707525060000,47184.6,44759.1,2489.8605900000002,0.020081445604149265,1714523460000,60396.0,trend,53.7903,21.51612,3282.124356954004,13211.400000000001,9853.969223045997,3.9576389387511837,2024-02-10T00:31:00Z,2024-05-01T00:31:00Z
66,HTUISHSD5NCIBHJL,20,1,CLOSED,1712620800000,1712620860000,1712622660000,1712622660000,71453.5,64579.0,6969.72275,0.007173886507895884,1713038040000,64579.0,stop,68.01625000000001,27.206500000000002,144.22381775099998,-6874.5,-7113.946567751,-1.0206929060056227,2024-04-09T00:31:00Z,2024-04-13T19:54:00Z
67,IRUEYZXZZUWWWQD3,20,1,CLOSED,1715817600000,1715817660000,1715819460000,1715819460000,66117.5,60993.5,5212.9777,0.009591447130111452,1717201860000,67632.1,trend,66.87480000000001,26.749920000000003,275.132300565,1514.6000000000058,1145.8429794350059,0.21980584713320483,2024-05-16T00:31:00Z,2024-06-01T00:31:00Z
68,LJ76XE536L2RSPY3,20,1,CLOSED,1721088000000,1721088060000,1721089860000,1721089860000,64480.0,59707.1,4859.830970000001,0.010288423673303187,1722472260000,64572.2,trend,64.5261,25.81044,164.97693781599997,92.19999999999709,-163.1134778160029,-0.033563611331939566,2024-07-16T00:31:00Z,2024-08-01T00:31:00Z
69,NKSNQD6BZSBGVUPA,20,1,CLOSED,1724457600000,1724457660000,1724459460000,1724459460000,63892.0,57297.9,6678.932929999999,0.007486225797449355,1725150660000,58919.8,trend,61.4059,24.56236,22.324182578,-4972.199999999997,-5080.492442577996,-0.7606742717474776,2024-08-24T00:31:00Z,2024-09-01T00:31:00Z
70,7Q3TLWX2OID6BD4T,20,1,CLOSED,1726704000000,1726704060000,1726705860000,1726705860000,62166.9,57592.8,4657.931789999999,0.010734377885769773,1727829060000,60970.5,trend,61.56870000000001,24.627480000000002,132.063289092,-1196.4000000000015,-1414.6594690920015,-0.30370978641831975,2024-09-19T00:31:00Z,2024-10-02T00:31:00Z
71,RK7RDB6DF2LMNJ2I,55,1,CLOSED,1727395200000,1727395260000,1727397060000,1727397060000,65180.1,60877.7,4390.640460000001,0.011387860257635394,1727813940000,60877.7,stop,63.02889999999999,25.21156,55.653982771,-4302.4000000000015,-4446.294442771002,-1.01267559557154,2024-09-27T00:31:00Z,2024-10-01T20:19:00Z
72,BNGZ77RLOMJDQPNZ,20,1,CLOSED,1728950400000,1728950460000,1728952260000,1728952260000,66262.1,62375.8,3976.3465300000025,0.012574356792791891,1734827460000,97244.0,trend,81.75305,32.701220000000006,2409.920851205001,30981.899999999994,28457.524878794997,7.156701425314402,2024-10-15T00:31:00Z,2024-12-22T00:31:00Z
73,7ZAWUMG232GFKTX5,55,1,CLOSED,1728950400000,1728950460000,1728952260000,1728952260000,66262.1,62375.8,3976.3465300000025,0.012574356792791891,1735345860000,94432.6,trend,80.34735,32.138940000000005,2577.6404864940005,28170.5,25480.373223505998,6.407986082517305,2024-10-15T00:31:00Z,2024-12-28T00:31:00Z
74,QY24FNHZFX7KFMB3,100,1,CLOSED,1729296000000,1729296060000,1729297860000,1729297860000,68400.1,64353.7,4139.327660000008,0.012079256368895402,1740443460000,91833.1,trend,80.1166,32.046640000000004,3624.950513836996,23433.0,19695.886246163,4.758233187600076,2024-10-19T00:31:00Z,2025-02-25T00:31:00Z
75,DLUCC24M33TWPO6P,20,1,CLOSED,1737158400000,1737158460000,1737160260000,1737160260000,104214.5,97402.3,6953.331759999996,0.00719079740846423,1738110660000,101466.4,trend,102.84045,41.136179999999996,291.01369012300006,-2748.100000000006,-3183.0903201230058,-0.45777915249696177,2025-01-18T00:31:00Z,2025-01-29T00:31:00Z
76,T53DPFC4U6YYFQGB,55,1,CLOSED,1737504000000,1737504060000,1737505860000,1737505860000,105913.1,97677.3,8378.313280000002,0.005967788304043936,1738517040000,97677.3,stop,101.79520000000001,40.71808,265.33480630200006,-8235.800000000003,-8643.648086302004,-1.0316692390740971,2025-01-22T00:31:00Z,2025-02-02T17:24:00Z
77,ARKHPJ2YO4CEC5RC,20,1,CLOSED,1745280000000,1745280060000,1745281860000,1745281860000,87510.1,80239.2,7388.324510000009,0.006767434204104814,1748651460000,103890.3,trend,95.70020000000001,38.28008,419.4089323560001,16380.199999999997,15826.810787643997,2.1421380133239407,2025-04-22T00:31:00Z,2025-05-31T00:31:00Z
78,MPWUGBUQC3XIDKWK,55,1,CLOSED,1745625600000,1745625660000,1745627460000,1745627460000,94640.5,87307.6,7460.263669999994,0.0067021759835467105,1749169860000,101545.9,trend,98.0932,39.23728,486.67493213700016,6905.399999999994,6281.394587862994,0.8419802389991129,2025-04-26T00:31:00Z,2025-06-06T00:31:00Z
79,IUP2VBYI7CX5466Z,100,1,CLOSED,1746921600000,1746921660000,1746923460000,1746923460000,104168.4,98642.2,5668.167419999997,0.008821193217330906,1750609440000,98642.2,stop,101.4053,40.56212,598.4846535490003,-5526.199999999997,-6266.652073548998,-1.1055869753312617,2025-05-11T00:31:00Z,2025-06-22T16:24:00Z
80,DIUARSWVENYGRJVY,20,1,CLOSED,1751500800000,1751500860000,1751502660000,1751502660000,108783.5,103284.9,5647.0478800000055,0.008854183825337062,1754008260000,115722.5,trend,112.253,44.9012,827.123558872,6939.0,5954.722241128,1.054484107035408,2025-07-03T00:31:00Z,2025-08-01T00:31:00Z
81,WQUARZLY4R5XTGCA,55,1,CLOSED,1752192000000,1752192060000,1752193860000,1752193860000,115389.7,110147.1,5400.475759999991,0.00925844355609145,1755822660000,112619.3,trend,114.00450000000001,45.601800000000004,1194.2875539899997,-2770.399999999994,-4124.293853989993,-0.7636908371180245,2025-07-11T00:31:00Z,2025-08-22T00:31:00Z
82,WGDNR3V35BBKPUUG,100,1,CLOSED,1752192000000,1752192060000,1752193860000,1752193860000,115389.7,110147.1,5400.475759999991,0.00925844355609145,1756152660000,110147.1,stop,112.76840000000001,45.10736,1313.13790456,-5242.599999999991,-6713.613664559991,-1.2431522634146592,2025-07-11T00:31:00Z,2025-08-25T20:11:00Z
83,W5MZAGAR5VJSM33L,20,1,CLOSED,1755043200000,1755043260000,1755045060000,1755045060000,119910.5,114674.0,5400.709150000001,0.009258043455274756,1755508740000,114674.0,stop,117.29225,46.916900000000005,127.140402252,-5236.5,-5527.849552252001,-1.0235414273794026,2025-08-13T00:31:00Z,2025-08-18T09:19:00Z
84,3NGTW5KLTCY5LUN2,20,1,CLOSED,1757721600000,1757721660000,1757723460000,1757723460000,116022.0,110395.8,5784.692459999997,0.008643501853510814,1758501060000,115089.6,trend,115.5558,46.22232,134.411318508,-932.3999999999942,-1228.5894385079944,-0.21238630177895318,2025-09-13T00:31:00Z,2025-09-22T00:31:00Z
85,NUC6R7OWJQLFKKT7,20,1,CLOSED,1759363200000,1759363260000,1759365060000,1759365060000,118888.8,114550.0,4502.207160000003,0.011105664005029917,1760129760000,114550.0,stop,116.71940000000001,46.68776,226.77644134999997,-4338.800000000003,-4728.983601350003,-1.0503700592377894,2025-10-02T00:31:00Z,2025-10-10T20:56:00Z
86,MCEVSDRII64N575J,55,1,CLOSED,1759708800000,1759708860000,1759710660000,1759710660000,123796.3,118731.8,5234.26967,0.009552431027115957,1760110260000,118731.8,stop,121.26405,48.50562000000001,87.31624269299999,-5064.5,-5321.585912693,-1.016681647717436,2025-10-06T00:31:00Z,2025-10-10T15:31:00Z
87,ZD4BAC7C3WQLYQVF,100,1,CLOSED,1759708800000,1759708860000,1759710660000,1759710660000,123796.3,118731.8,5234.26967,0.009552431027115957,1760110260000,118731.8,stop,121.26405,48.50562000000001,87.31624269299999,-5064.5,-5321.585912693,-1.016681647717436,2025-10-06T00:31:00Z,2025-10-10T15:31:00Z
88,N2NCHK27E6BN4SCX,20,1,CLOSED,1767484800000,1767484860000,1767486660000,1767486660000,91078.1,85818.3,5383.627480000003,0.009287418229762059,1768955460000,88506.9,trend,89.7925,35.917,219.16301124699993,-2571.2000000000116,-2916.0725112470113,-0.5416557000052704,2026-01-04T00:31:00Z,2026-01-21T00:31:00Z
89,RVLTGDKPGNQCYG5G,55,1,CLOSED,1768348800000,1768348860000,1768350660000,1768350660000,95387.4,91301.8,4216.282439999991,0.011858788093902008,1768885860000,91301.8,stop,93.3446,37.33784,66.224827895,-4085.5999999999913,-4282.507267894992,-1.0157069240112389,2026-01-14T00:31:00Z,2026-01-20T05:11:00Z
90,HLBUGVRK6SQUGSFY,20,1,CLOSED,1772668800000,1772668860000,1772670660000,1772670660000,72755.1,66773.0,6079.769670000006,0.008223995761997338,1772938260000,66773.0,stop,69.76405,27.905620000000003,-1.8386462419999994,-5982.100000000006,-6077.931023758006,-0.9996975796219595,2026-03-05T00:31:00Z,2026-03-08T02:51:00Z
91,G3U5E3467NDARSUX,20,1,CLOSED,1773619200000,1773619260000,1773621060000,1773621060000,72476.4,65741.6,6831.552599999988,0.007318980461337601,1774139460000,68943.8,trend,70.71010000000001,28.28404,-3.974031368000001,-3532.5999999999913,-3627.6201086319916,-0.5310096139246586,2026-03-16T00:31:00Z,2026-03-22T00:31:00Z
92,ZLAK5BAEFNY5EZ2P,20,1,CLOSED,1775606400000,1775606460000,1775608260000,1775608260000,71900.1,66981.3,5016.016980000002,0.009968068329784637,1778891460000,79142.7,trend,75.5214,30.208560000000002,-172.15252570099997,7242.599999999991,7309.022565700991,1.457136727176906,2026-04-08T00:31:00Z,2026-05-16T00:31:00Z
93,A5GDJ4ZV7KNVRKXJ,55,1,CLOSED,1776384000000,1776384060000,1776385860000,1776385860000,75030.1,70223.6,4908.17759,0.01018708045566053,1779496260000,75408.5,trend,75.2193,30.087720000000004,-67.33312779099994,378.3999999999942,340.42610779099414,0.06935896298548441,2026-04-17T00:31:00Z,2026-05-23T00:31:00Z
94,U3XII2O3U6PE5XHE,20,1,CLOSED,1784073600000,1784073660000,1784075460000,1784075460000,64822.4,60534.4,4375.74976,0.011426613207424366,1785198660000,63600.0,trend,64.2112,25.68448,124.304064757,-1222.4000000000015,-1436.5997447570014,-0.32830939234445655,2026-07-15T00:31:00Z,2026-07-28T00:31:00Z
95,FCU74MQYXQFG7D3D,20,1,CLOSED,1787184000000,1787184060000,1787185860000,1787185860000,69527.8,67114.5,2508.949610000003,0.019928658511399893,1788395460000,76993.6,trend,73.2607,29.304280000000006,289.47682987100006,7465.800000000003,7073.758190129003,2.819410227265981,2026-08-20T00:31:00Z,2026-09-03T00:31:00Z
96,C437DQHRBLVD2B5W,55,1,OPEN,1787184000000,1787184060000,1787185860000,1787185860000,69527.8,67114.5,2508.949610000003,0.019928658511399893,,,,,,907.9473498710004,,,,2026-08-20T00:31:00Z,
97,IBQK5RIKN2AYUFTS,100,1,CLOSED,1787616000000,1787616060000,1787617860000,1787617860000,78771.7,74964.0,3915.314989999997,0.012770364613754878,1789498140000,74964.0,stop,76.86785,30.74714,483.8482090730001,-3807.699999999997,-4399.1631990729975,-1.1235783609514902,2026-08-25T00:31:00Z,2026-09-15T18:49:00Z
98,UIKQMLDNPFSJDRSS,20,1,CLOSED,1788480000000,1788480060000,1788481860000,1788481860000,81134.3,75903.8,5340.42667,0.009362547805567004,1789086660000,76750.4,trend,78.94235,31.57694,165.94708,-4383.900000000009,-4660.366370000009,-0.8726580586116369,2026-09-04T00:31:00Z,2026-09-11T00:31:00Z
99,AVPAKH65HHHLNPUP,20,1,OPEN,1790035200000,1790035260000,1790037060000,1790037060000,86466.7,81995.3,4589.323399999995,0.010894852169276208,,,,,,168.97419999999997,,,,2026-09-22T00:31:00Z,
100,AVC5TPE3JSL73D3Y,100,1,OPEN,1790035200000,1790035260000,1790037060000,1790037060000,86466.7,81995.3,4589.323399999995,0.010894852169276208,,,,,,168.97419999999997,,,,2026-09-22T00:31:00Z,
